x coord, y coord, z coord		 x vel, y vel, z vel		 age,  color		 FELASTIDX[4*7],[0]curIdx, [1]elastLim, [2]restLn, [3]modulus, [4]damping, [5]partID, [6]bond index,,  ,[0]curIdx, [1]elastLim, [2]restLn, [3]modulus, [4]damping, [5]partID, [6]bond index,,  ,[0]curIdx, [1]elastLim, [2]restLn, [3]modulus, [4]damping, [5]partID, [6]bond index,,  ,[0]curIdx, [1]elastLim, [2]restLn, [3]modulus, [4]damping, [5]partID, [6]bond index,,  		Particle_ID, mass, radius, FNERVEIDX,		 Particle_Idx[4*2], , , , , , , , , , , , 		FCONC[16], , , , , , , , , , , , , , , , 		FEPIGEN[16] 
100.099998,80.099998,100.099998,	0.000000,0.000000,0.000000,	 0, 4278203136,, 	0, 0.000000, 0.000000, 0.000000, 0.000000, 0.000000, 0, 		0, 0.000000, 0.000000, 0.000000, 0.000000, 0.000000, 0, 		0, 0.000000, 0.000000, 0.000000, 0.000000, 0.000000, 0, 		0, 0.000000, 0.000000, 0.000000, 0.000000, 0.000000, 0, 		 	1, 975, 13, 0, 		4294967295, 4294967295,, 4294967295, 4294967295,, 4294967295, 4294967295,, 4294967295, 4294967295,, 		1, 1, 1, 1, 1, 1, 1, 1, 1, 1, 1, 1, 1, 1, 1, 1, 		0, 1, 2, 3, 4, 5, 6, 7, 8, 9, 10, 11, 12, 13, 14, 15,  
100.099998,80.099998,101.099998,	0.000000,0.000000,0.000000,	 0, 4278203136,, 	0, 0.000000, 0.000000, 0.000000, 0.000000, 0.000000, 0, 		0, 0.000000, 0.000000, 0.000000, 0.000000, 0.000000, 0, 		0, 0.000000, 0.000000, 0.000000, 0.000000, 0.000000, 0, 		0, 0.000000, 0.000000, 0.000000, 0.000000, 0.000000, 0, 		 	2, 975, 13, 0, 		4294967295, 4294967295,, 4294967295, 4294967295,, 4294967295, 4294967295,, 4294967295, 4294967295,, 		1, 1, 1, 1, 1, 1, 1, 1, 1, 1, 1, 1, 1, 1, 1, 1, 		0, 1, 2, 3, 4, 5, 6, 7, 8, 9, 10, 11, 12, 13, 14, 15,  
100.099998,80.099998,102.099998,	0.000000,0.000000,0.000000,	 0, 4278203136,, 	0, 0.000000, 0.000000, 0.000000, 0.000000, 0.000000, 0, 		0, 0.000000, 0.000000, 0.000000, 0.000000, 0.000000, 0, 		0, 0.000000, 0.000000, 0.000000, 0.000000, 0.000000, 0, 		0, 0.000000, 0.000000, 0.000000, 0.000000, 0.000000, 0, 		 	3, 975, 13, 0, 		4294967295, 4294967295,, 4294967295, 4294967295,, 4294967295, 4294967295,, 4294967295, 4294967295,, 		1, 1, 1, 1, 1, 1, 1, 1, 1, 1, 1, 1, 1, 1, 1, 1, 		0, 1, 2, 3, 4, 5, 6, 7, 8, 9, 10, 11, 12, 13, 14, 15,  
100.099998,80.099998,103.099998,	0.000000,0.000000,0.000000,	 0, 4278203136,, 	0, 0.000000, 0.000000, 0.000000, 0.000000, 0.000000, 0, 		0, 0.000000, 0.000000, 0.000000, 0.000000, 0.000000, 0, 		0, 0.000000, 0.000000, 0.000000, 0.000000, 0.000000, 0, 		0, 0.000000, 0.000000, 0.000000, 0.000000, 0.000000, 0, 		 	4, 975, 13, 0, 		4294967295, 4294967295,, 4294967295, 4294967295,, 4294967295, 4294967295,, 4294967295, 4294967295,, 		1, 1, 1, 1, 1, 1, 1, 1, 1, 1, 1, 1, 1, 1, 1, 1, 		0, 1, 2, 3, 4, 5, 6, 7, 8, 9, 10, 11, 12, 13, 14, 15,  
100.099998,80.099998,104.099998,	0.000000,0.000000,0.000000,	 0, 4278203136,, 	0, 0.000000, 0.000000, 0.000000, 0.000000, 0.000000, 0, 		0, 0.000000, 0.000000, 0.000000, 0.000000, 0.000000, 0, 		0, 0.000000, 0.000000, 0.000000, 0.000000, 0.000000, 0, 		0, 0.000000, 0.000000, 0.000000, 0.000000, 0.000000, 0, 		 	5, 975, 13, 0, 		4294967295, 4294967295,, 4294967295, 4294967295,, 4294967295, 4294967295,, 4294967295, 4294967295,, 		1, 1, 1, 1, 1, 1, 1, 1, 1, 1, 1, 1, 1, 1, 1, 1, 		0, 1, 2, 3, 4, 5, 6, 7, 8, 9, 10, 11, 12, 13, 14, 15,  
100.099998,80.099998,105.099998,	0.000000,0.000000,0.000000,	 0, 4278203136,, 	0, 0.000000, 0.000000, 0.000000, 0.000000, 0.000000, 0, 		0, 0.000000, 0.000000, 0.000000, 0.000000, 0.000000, 0, 		0, 0.000000, 0.000000, 0.000000, 0.000000, 0.000000, 0, 		0, 0.000000, 0.000000, 0.000000, 0.000000, 0.000000, 0, 		 	6, 975, 13, 0, 		4294967295, 4294967295,, 4294967295, 4294967295,, 4294967295, 4294967295,, 4294967295, 4294967295,, 		1, 1, 1, 1, 1, 1, 1, 1, 1, 1, 1, 1, 1, 1, 1, 1, 		0, 1, 2, 3, 4, 5, 6, 7, 8, 9, 10, 11, 12, 13, 14, 15,  
100.099998,81.099998,100.099998,	0.000000,0.000000,0.000000,	 0, 4278203136,, 	0, 0.000000, 0.000000, 0.000000, 0.000000, 0.000000, 0, 		0, 0.000000, 0.000000, 0.000000, 0.000000, 0.000000, 0, 		0, 0.000000, 0.000000, 0.000000, 0.000000, 0.000000, 0, 		0, 0.000000, 0.000000, 0.000000, 0.000000, 0.000000, 0, 		 	7, 975, 13, 0, 		4294967295, 4294967295,, 4294967295, 4294967295,, 4294967295, 4294967295,, 4294967295, 4294967295,, 		1, 1, 1, 1, 1, 1, 1, 1, 1, 1, 1, 1, 1, 1, 1, 1, 		0, 1, 2, 3, 4, 5, 6, 7, 8, 9, 10, 11, 12, 13, 14, 15,  
100.099998,81.099998,101.099998,	0.000000,0.000000,0.000000,	 0, 4278203136,, 	0, 0.000000, 0.000000, 0.000000, 0.000000, 0.000000, 0, 		0, 0.000000, 0.000000, 0.000000, 0.000000, 0.000000, 0, 		0, 0.000000, 0.000000, 0.000000, 0.000000, 0.000000, 0, 		0, 0.000000, 0.000000, 0.000000, 0.000000, 0.000000, 0, 		 	8, 975, 13, 0, 		4294967295, 4294967295,, 4294967295, 4294967295,, 4294967295, 4294967295,, 4294967295, 4294967295,, 		1, 1, 1, 1, 1, 1, 1, 1, 1, 1, 1, 1, 1, 1, 1, 1, 		0, 1, 2, 3, 4, 5, 6, 7, 8, 9, 10, 11, 12, 13, 14, 15,  
100.099998,81.099998,102.099998,	0.000000,0.000000,0.000000,	 0, 4278203136,, 	0, 0.000000, 0.000000, 0.000000, 0.000000, 0.000000, 0, 		0, 0.000000, 0.000000, 0.000000, 0.000000, 0.000000, 0, 		0, 0.000000, 0.000000, 0.000000, 0.000000, 0.000000, 0, 		0, 0.000000, 0.000000, 0.000000, 0.000000, 0.000000, 0, 		 	9, 975, 13, 0, 		4294967295, 4294967295,, 4294967295, 4294967295,, 4294967295, 4294967295,, 4294967295, 4294967295,, 		1, 1, 1, 1, 1, 1, 1, 1, 1, 1, 1, 1, 1, 1, 1, 1, 		0, 1, 2, 3, 4, 5, 6, 7, 8, 9, 10, 11, 12, 13, 14, 15,  
100.099998,81.099998,103.099998,	0.000000,0.000000,0.000000,	 0, 4278203136,, 	0, 0.000000, 0.000000, 0.000000, 0.000000, 0.000000, 0, 		0, 0.000000, 0.000000, 0.000000, 0.000000, 0.000000, 0, 		0, 0.000000, 0.000000, 0.000000, 0.000000, 0.000000, 0, 		0, 0.000000, 0.000000, 0.000000, 0.000000, 0.000000, 0, 		 	10, 975, 13, 1, 		4294967295, 4294967295,, 4294967295, 4294967295,, 4294967295, 4294967295,, 4294967295, 4294967295,, 		1, 1, 1, 1, 1, 1, 1, 1, 1, 1, 1, 1, 1, 1, 1, 1, 		0, 1, 2, 3, 4, 5, 6, 7, 8, 9, 10, 11, 12, 13, 14, 15,  
100.099998,81.099998,104.099998,	0.000000,0.000000,0.000000,	 0, 4278203136,, 	0, 0.000000, 0.000000, 0.000000, 0.000000, 0.000000, 0, 		0, 0.000000, 0.000000, 0.000000, 0.000000, 0.000000, 0, 		0, 0.000000, 0.000000, 0.000000, 0.000000, 0.000000, 0, 		0, 0.000000, 0.000000, 0.000000, 0.000000, 0.000000, 0, 		 	11, 975, 13, 0, 		4294967295, 4294967295,, 4294967295, 4294967295,, 4294967295, 4294967295,, 4294967295, 4294967295,, 		1, 1, 1, 1, 1, 1, 1, 1, 1, 1, 1, 1, 1, 1, 1, 1, 		0, 1, 2, 3, 4, 5, 6, 7, 8, 9, 10, 11, 12, 13, 14, 15,  
100.099998,81.099998,105.099998,	0.000000,0.000000,0.000000,	 0, 4278203136,, 	0, 0.000000, 0.000000, 0.000000, 0.000000, 0.000000, 0, 		0, 0.000000, 0.000000, 0.000000, 0.000000, 0.000000, 0, 		0, 0.000000, 0.000000, 0.000000, 0.000000, 0.000000, 0, 		0, 0.000000, 0.000000, 0.000000, 0.000000, 0.000000, 0, 		 	12, 975, 13, 0, 		4294967295, 4294967295,, 4294967295, 4294967295,, 4294967295, 4294967295,, 4294967295, 4294967295,, 		1, 1, 1, 1, 1, 1, 1, 1, 1, 1, 1, 1, 1, 1, 1, 1, 		0, 1, 2, 3, 4, 5, 6, 7, 8, 9, 10, 11, 12, 13, 14, 15,  
100.099998,82.099998,100.099998,	0.000000,0.000000,0.000000,	 0, 4278203136,, 	0, 0.000000, 0.000000, 0.000000, 0.000000, 0.000000, 0, 		0, 0.000000, 0.000000, 0.000000, 0.000000, 0.000000, 0, 		0, 0.000000, 0.000000, 0.000000, 0.000000, 0.000000, 0, 		0, 0.000000, 0.000000, 0.000000, 0.000000, 0.000000, 0, 		 	13, 975, 13, 0, 		4294967295, 4294967295,, 4294967295, 4294967295,, 4294967295, 4294967295,, 4294967295, 4294967295,, 		1, 1, 1, 1, 1, 1, 1, 1, 1, 1, 1, 1, 1, 1, 1, 1, 		0, 1, 2, 3, 4, 5, 6, 7, 8, 9, 10, 11, 12, 13, 14, 15,  
100.099998,82.099998,101.099998,	0.000000,0.000000,0.000000,	 0, 4278203136,, 	0, 0.000000, 0.000000, 0.000000, 0.000000, 0.000000, 0, 		0, 0.000000, 0.000000, 0.000000, 0.000000, 0.000000, 0, 		0, 0.000000, 0.000000, 0.000000, 0.000000, 0.000000, 0, 		0, 0.000000, 0.000000, 0.000000, 0.000000, 0.000000, 0, 		 	14, 975, 13, 0, 		4294967295, 4294967295,, 4294967295, 4294967295,, 4294967295, 4294967295,, 4294967295, 4294967295,, 		1, 1, 1, 1, 1, 1, 1, 1, 1, 1, 1, 1, 1, 1, 1, 1, 		0, 1, 2, 3, 4, 5, 6, 7, 8, 9, 10, 11, 12, 13, 14, 15,  
100.099998,82.099998,102.099998,	0.000000,0.000000,0.000000,	 0, 4278203136,, 	0, 0.000000, 0.000000, 0.000000, 0.000000, 0.000000, 0, 		0, 0.000000, 0.000000, 0.000000, 0.000000, 0.000000, 0, 		0, 0.000000, 0.000000, 0.000000, 0.000000, 0.000000, 0, 		0, 0.000000, 0.000000, 0.000000, 0.000000, 0.000000, 0, 		 	15, 975, 13, 0, 		4294967295, 4294967295,, 4294967295, 4294967295,, 4294967295, 4294967295,, 4294967295, 4294967295,, 		1, 1, 1, 1, 1, 1, 1, 1, 1, 1, 1, 1, 1, 1, 1, 1, 		0, 1, 2, 3, 4, 5, 6, 7, 8, 9, 10, 11, 12, 13, 14, 15,  
100.099998,82.099998,103.099998,	0.000000,0.000000,0.000000,	 0, 4278203136,, 	0, 0.000000, 0.000000, 0.000000, 0.000000, 0.000000, 0, 		0, 0.000000, 0.000000, 0.000000, 0.000000, 0.000000, 0, 		0, 0.000000, 0.000000, 0.000000, 0.000000, 0.000000, 0, 		0, 0.000000, 0.000000, 0.000000, 0.000000, 0.000000, 0, 		 	16, 975, 13, 0, 		4294967295, 4294967295,, 4294967295, 4294967295,, 4294967295, 4294967295,, 4294967295, 4294967295,, 		1, 1, 1, 1, 1, 1, 1, 1, 1, 1, 1, 1, 1, 1, 1, 1, 		0, 1, 2, 3, 4, 5, 6, 7, 8, 9, 10, 11, 12, 13, 14, 15,  
100.099998,82.099998,104.099998,	0.000000,0.000000,0.000000,	 0, 4278203136,, 	0, 0.000000, 0.000000, 0.000000, 0.000000, 0.000000, 0, 		0, 0.000000, 0.000000, 0.000000, 0.000000, 0.000000, 0, 		0, 0.000000, 0.000000, 0.000000, 0.000000, 0.000000, 0, 		0, 0.000000, 0.000000, 0.000000, 0.000000, 0.000000, 0, 		 	17, 975, 13, 0, 		4294967295, 4294967295,, 4294967295, 4294967295,, 4294967295, 4294967295,, 4294967295, 4294967295,, 		1, 1, 1, 1, 1, 1, 1, 1, 1, 1, 1, 1, 1, 1, 1, 1, 		0, 1, 2, 3, 4, 5, 6, 7, 8, 9, 10, 11, 12, 13, 14, 15,  
100.099998,82.099998,105.099998,	0.000000,0.000000,0.000000,	 0, 4278203136,, 	0, 0.000000, 0.000000, 0.000000, 0.000000, 0.000000, 0, 		0, 0.000000, 0.000000, 0.000000, 0.000000, 0.000000, 0, 		0, 0.000000, 0.000000, 0.000000, 0.000000, 0.000000, 0, 		0, 0.000000, 0.000000, 0.000000, 0.000000, 0.000000, 0, 		 	18, 975, 13, 0, 		4294967295, 4294967295,, 4294967295, 4294967295,, 4294967295, 4294967295,, 4294967295, 4294967295,, 		1, 1, 1, 1, 1, 1, 1, 1, 1, 1, 1, 1, 1, 1, 1, 1, 		0, 1, 2, 3, 4, 5, 6, 7, 8, 9, 10, 11, 12, 13, 14, 15,  
100.099998,83.099998,100.099998,	0.000000,0.000000,0.000000,	 0, 4278203136,, 	0, 0.000000, 0.000000, 0.000000, 0.000000, 0.000000, 0, 		0, 0.000000, 0.000000, 0.000000, 0.000000, 0.000000, 0, 		0, 0.000000, 0.000000, 0.000000, 0.000000, 0.000000, 0, 		0, 0.000000, 0.000000, 0.000000, 0.000000, 0.000000, 0, 		 	19, 975, 13, 0, 		4294967295, 4294967295,, 4294967295, 4294967295,, 4294967295, 4294967295,, 4294967295, 4294967295,, 		1, 1, 1, 1, 1, 1, 1, 1, 1, 1, 1, 1, 1, 1, 1, 1, 		0, 1, 2, 3, 4, 5, 6, 7, 8, 9, 10, 11, 12, 13, 14, 15,  
100.099998,83.099998,101.099998,	0.000000,0.000000,0.000000,	 0, 4278203136,, 	0, 0.000000, 0.000000, 0.000000, 0.000000, 0.000000, 0, 		0, 0.000000, 0.000000, 0.000000, 0.000000, 0.000000, 0, 		0, 0.000000, 0.000000, 0.000000, 0.000000, 0.000000, 0, 		0, 0.000000, 0.000000, 0.000000, 0.000000, 0.000000, 0, 		 	20, 975, 13, 2, 		4294967295, 4294967295,, 4294967295, 4294967295,, 4294967295, 4294967295,, 4294967295, 4294967295,, 		1, 1, 1, 1, 1, 1, 1, 1, 1, 1, 1, 1, 1, 1, 1, 1, 		0, 1, 2, 3, 4, 5, 6, 7, 8, 9, 10, 11, 12, 13, 14, 15,  
100.099998,83.099998,102.099998,	0.000000,0.000000,0.000000,	 0, 4278203136,, 	0, 0.000000, 0.000000, 0.000000, 0.000000, 0.000000, 0, 		0, 0.000000, 0.000000, 0.000000, 0.000000, 0.000000, 0, 		0, 0.000000, 0.000000, 0.000000, 0.000000, 0.000000, 0, 		0, 0.000000, 0.000000, 0.000000, 0.000000, 0.000000, 0, 		 	21, 975, 13, 0, 		4294967295, 4294967295,, 4294967295, 4294967295,, 4294967295, 4294967295,, 4294967295, 4294967295,, 		1, 1, 1, 1, 1, 1, 1, 1, 1, 1, 1, 1, 1, 1, 1, 1, 		0, 1, 2, 3, 4, 5, 6, 7, 8, 9, 10, 11, 12, 13, 14, 15,  
100.099998,83.099998,103.099998,	0.000000,0.000000,0.000000,	 0, 4278203136,, 	0, 0.000000, 0.000000, 0.000000, 0.000000, 0.000000, 0, 		0, 0.000000, 0.000000, 0.000000, 0.000000, 0.000000, 0, 		0, 0.000000, 0.000000, 0.000000, 0.000000, 0.000000, 0, 		0, 0.000000, 0.000000, 0.000000, 0.000000, 0.000000, 0, 		 	22, 975, 13, 0, 		4294967295, 4294967295,, 4294967295, 4294967295,, 4294967295, 4294967295,, 4294967295, 4294967295,, 		1, 1, 1, 1, 1, 1, 1, 1, 1, 1, 1, 1, 1, 1, 1, 1, 		0, 1, 2, 3, 4, 5, 6, 7, 8, 9, 10, 11, 12, 13, 14, 15,  
100.099998,83.099998,104.099998,	0.000000,0.000000,0.000000,	 0, 4278203136,, 	0, 0.000000, 0.000000, 0.000000, 0.000000, 0.000000, 0, 		0, 0.000000, 0.000000, 0.000000, 0.000000, 0.000000, 0, 		0, 0.000000, 0.000000, 0.000000, 0.000000, 0.000000, 0, 		0, 0.000000, 0.000000, 0.000000, 0.000000, 0.000000, 0, 		 	23, 975, 13, 0, 		4294967295, 4294967295,, 4294967295, 4294967295,, 4294967295, 4294967295,, 4294967295, 4294967295,, 		1, 1, 1, 1, 1, 1, 1, 1, 1, 1, 1, 1, 1, 1, 1, 1, 		0, 1, 2, 3, 4, 5, 6, 7, 8, 9, 10, 11, 12, 13, 14, 15,  
100.099998,83.099998,105.099998,	0.000000,0.000000,0.000000,	 0, 4278203136,, 	0, 0.000000, 0.000000, 0.000000, 0.000000, 0.000000, 0, 		0, 0.000000, 0.000000, 0.000000, 0.000000, 0.000000, 0, 		0, 0.000000, 0.000000, 0.000000, 0.000000, 0.000000, 0, 		0, 0.000000, 0.000000, 0.000000, 0.000000, 0.000000, 0, 		 	24, 975, 13, 0, 		4294967295, 4294967295,, 4294967295, 4294967295,, 4294967295, 4294967295,, 4294967295, 4294967295,, 		1, 1, 1, 1, 1, 1, 1, 1, 1, 1, 1, 1, 1, 1, 1, 1, 		0, 1, 2, 3, 4, 5, 6, 7, 8, 9, 10, 11, 12, 13, 14, 15,  
100.099998,84.099998,100.099998,	0.000000,0.000000,0.000000,	 0, 4278203136,, 	0, 0.000000, 0.000000, 0.000000, 0.000000, 0.000000, 0, 		0, 0.000000, 0.000000, 0.000000, 0.000000, 0.000000, 0, 		0, 0.000000, 0.000000, 0.000000, 0.000000, 0.000000, 0, 		0, 0.000000, 0.000000, 0.000000, 0.000000, 0.000000, 0, 		 	25, 975, 13, 0, 		4294967295, 4294967295,, 4294967295, 4294967295,, 4294967295, 4294967295,, 4294967295, 4294967295,, 		1, 1, 1, 1, 1, 1, 1, 1, 1, 1, 1, 1, 1, 1, 1, 1, 		0, 1, 2, 3, 4, 5, 6, 7, 8, 9, 10, 11, 12, 13, 14, 15,  
100.099998,84.099998,101.099998,	0.000000,0.000000,0.000000,	 0, 4278203136,, 	0, 0.000000, 0.000000, 0.000000, 0.000000, 0.000000, 0, 		0, 0.000000, 0.000000, 0.000000, 0.000000, 0.000000, 0, 		0, 0.000000, 0.000000, 0.000000, 0.000000, 0.000000, 0, 		0, 0.000000, 0.000000, 0.000000, 0.000000, 0.000000, 0, 		 	26, 975, 13, 0, 		4294967295, 4294967295,, 4294967295, 4294967295,, 4294967295, 4294967295,, 4294967295, 4294967295,, 		1, 1, 1, 1, 1, 1, 1, 1, 1, 1, 1, 1, 1, 1, 1, 1, 		0, 1, 2, 3, 4, 5, 6, 7, 8, 9, 10, 11, 12, 13, 14, 15,  
100.099998,84.099998,102.099998,	0.000000,0.000000,0.000000,	 0, 4278203136,, 	0, 0.000000, 0.000000, 0.000000, 0.000000, 0.000000, 0, 		0, 0.000000, 0.000000, 0.000000, 0.000000, 0.000000, 0, 		0, 0.000000, 0.000000, 0.000000, 0.000000, 0.000000, 0, 		0, 0.000000, 0.000000, 0.000000, 0.000000, 0.000000, 0, 		 	27, 975, 13, 0, 		4294967295, 4294967295,, 4294967295, 4294967295,, 4294967295, 4294967295,, 4294967295, 4294967295,, 		1, 1, 1, 1, 1, 1, 1, 1, 1, 1, 1, 1, 1, 1, 1, 1, 		0, 1, 2, 3, 4, 5, 6, 7, 8, 9, 10, 11, 12, 13, 14, 15,  
100.099998,84.099998,103.099998,	0.000000,0.000000,0.000000,	 0, 4278203136,, 	0, 0.000000, 0.000000, 0.000000, 0.000000, 0.000000, 0, 		0, 0.000000, 0.000000, 0.000000, 0.000000, 0.000000, 0, 		0, 0.000000, 0.000000, 0.000000, 0.000000, 0.000000, 0, 		0, 0.000000, 0.000000, 0.000000, 0.000000, 0.000000, 0, 		 	28, 975, 13, 0, 		4294967295, 4294967295,, 4294967295, 4294967295,, 4294967295, 4294967295,, 4294967295, 4294967295,, 		1, 1, 1, 1, 1, 1, 1, 1, 1, 1, 1, 1, 1, 1, 1, 1, 		0, 1, 2, 3, 4, 5, 6, 7, 8, 9, 10, 11, 12, 13, 14, 15,  
100.099998,84.099998,104.099998,	0.000000,0.000000,0.000000,	 0, 4278203136,, 	0, 0.000000, 0.000000, 0.000000, 0.000000, 0.000000, 0, 		0, 0.000000, 0.000000, 0.000000, 0.000000, 0.000000, 0, 		0, 0.000000, 0.000000, 0.000000, 0.000000, 0.000000, 0, 		0, 0.000000, 0.000000, 0.000000, 0.000000, 0.000000, 0, 		 	29, 975, 13, 0, 		4294967295, 4294967295,, 4294967295, 4294967295,, 4294967295, 4294967295,, 4294967295, 4294967295,, 		1, 1, 1, 1, 1, 1, 1, 1, 1, 1, 1, 1, 1, 1, 1, 1, 		0, 1, 2, 3, 4, 5, 6, 7, 8, 9, 10, 11, 12, 13, 14, 15,  
100.099998,84.099998,105.099998,	0.000000,0.000000,0.000000,	 0, 4278203136,, 	0, 0.000000, 0.000000, 0.000000, 0.000000, 0.000000, 0, 		0, 0.000000, 0.000000, 0.000000, 0.000000, 0.000000, 0, 		0, 0.000000, 0.000000, 0.000000, 0.000000, 0.000000, 0, 		0, 0.000000, 0.000000, 0.000000, 0.000000, 0.000000, 0, 		 	30, 975, 13, 3, 		4294967295, 4294967295,, 4294967295, 4294967295,, 4294967295, 4294967295,, 4294967295, 4294967295,, 		1, 1, 1, 1, 1, 1, 1, 1, 1, 1, 1, 1, 1, 1, 1, 1, 		0, 1, 2, 3, 4, 5, 6, 7, 8, 9, 10, 11, 12, 13, 14, 15,  
100.099998,85.099998,100.099998,	0.000000,0.000000,0.000000,	 0, 4278203136,, 	0, 0.000000, 0.000000, 0.000000, 0.000000, 0.000000, 0, 		0, 0.000000, 0.000000, 0.000000, 0.000000, 0.000000, 0, 		0, 0.000000, 0.000000, 0.000000, 0.000000, 0.000000, 0, 		0, 0.000000, 0.000000, 0.000000, 0.000000, 0.000000, 0, 		 	31, 975, 13, 0, 		4294967295, 4294967295,, 4294967295, 4294967295,, 4294967295, 4294967295,, 4294967295, 4294967295,, 		1, 1, 1, 1, 1, 1, 1, 1, 1, 1, 1, 1, 1, 1, 1, 1, 		0, 1, 2, 3, 4, 5, 6, 7, 8, 9, 10, 11, 12, 13, 14, 15,  
100.099998,85.099998,101.099998,	0.000000,0.000000,0.000000,	 0, 4278203136,, 	0, 0.000000, 0.000000, 0.000000, 0.000000, 0.000000, 0, 		0, 0.000000, 0.000000, 0.000000, 0.000000, 0.000000, 0, 		0, 0.000000, 0.000000, 0.000000, 0.000000, 0.000000, 0, 		0, 0.000000, 0.000000, 0.000000, 0.000000, 0.000000, 0, 		 	32, 975, 13, 0, 		4294967295, 4294967295,, 4294967295, 4294967295,, 4294967295, 4294967295,, 4294967295, 4294967295,, 		1, 1, 1, 1, 1, 1, 1, 1, 1, 1, 1, 1, 1, 1, 1, 1, 		0, 1, 2, 3, 4, 5, 6, 7, 8, 9, 10, 11, 12, 13, 14, 15,  
100.099998,85.099998,102.099998,	0.000000,0.000000,0.000000,	 0, 4278203136,, 	0, 0.000000, 0.000000, 0.000000, 0.000000, 0.000000, 0, 		0, 0.000000, 0.000000, 0.000000, 0.000000, 0.000000, 0, 		0, 0.000000, 0.000000, 0.000000, 0.000000, 0.000000, 0, 		0, 0.000000, 0.000000, 0.000000, 0.000000, 0.000000, 0, 		 	33, 975, 13, 0, 		4294967295, 4294967295,, 4294967295, 4294967295,, 4294967295, 4294967295,, 4294967295, 4294967295,, 		1, 1, 1, 1, 1, 1, 1, 1, 1, 1, 1, 1, 1, 1, 1, 1, 		0, 1, 2, 3, 4, 5, 6, 7, 8, 9, 10, 11, 12, 13, 14, 15,  
100.099998,85.099998,103.099998,	0.000000,0.000000,0.000000,	 0, 4278203136,, 	0, 0.000000, 0.000000, 0.000000, 0.000000, 0.000000, 0, 		0, 0.000000, 0.000000, 0.000000, 0.000000, 0.000000, 0, 		0, 0.000000, 0.000000, 0.000000, 0.000000, 0.000000, 0, 		0, 0.000000, 0.000000, 0.000000, 0.000000, 0.000000, 0, 		 	34, 975, 13, 0, 		4294967295, 4294967295,, 4294967295, 4294967295,, 4294967295, 4294967295,, 4294967295, 4294967295,, 		1, 1, 1, 1, 1, 1, 1, 1, 1, 1, 1, 1, 1, 1, 1, 1, 		0, 1, 2, 3, 4, 5, 6, 7, 8, 9, 10, 11, 12, 13, 14, 15,  
100.099998,85.099998,104.099998,	0.000000,0.000000,0.000000,	 0, 4278203136,, 	0, 0.000000, 0.000000, 0.000000, 0.000000, 0.000000, 0, 		0, 0.000000, 0.000000, 0.000000, 0.000000, 0.000000, 0, 		0, 0.000000, 0.000000, 0.000000, 0.000000, 0.000000, 0, 		0, 0.000000, 0.000000, 0.000000, 0.000000, 0.000000, 0, 		 	35, 975, 13, 0, 		4294967295, 4294967295,, 4294967295, 4294967295,, 4294967295, 4294967295,, 4294967295, 4294967295,, 		1, 1, 1, 1, 1, 1, 1, 1, 1, 1, 1, 1, 1, 1, 1, 1, 		0, 1, 2, 3, 4, 5, 6, 7, 8, 9, 10, 11, 12, 13, 14, 15,  
100.099998,85.099998,105.099998,	0.000000,0.000000,0.000000,	 0, 4278203136,, 	0, 0.000000, 0.000000, 0.000000, 0.000000, 0.000000, 0, 		0, 0.000000, 0.000000, 0.000000, 0.000000, 0.000000, 0, 		0, 0.000000, 0.000000, 0.000000, 0.000000, 0.000000, 0, 		0, 0.000000, 0.000000, 0.000000, 0.000000, 0.000000, 0, 		 	36, 975, 13, 0, 		4294967295, 4294967295,, 4294967295, 4294967295,, 4294967295, 4294967295,, 4294967295, 4294967295,, 		1, 1, 1, 1, 1, 1, 1, 1, 1, 1, 1, 1, 1, 1, 1, 1, 		0, 1, 2, 3, 4, 5, 6, 7, 8, 9, 10, 11, 12, 13, 14, 15,  
101.099998,80.099998,100.099998,	0.000000,0.000000,0.000000,	 0, 4278203136,, 	0, 0.000000, 0.000000, 0.000000, 0.000000, 0.000000, 0, 		0, 0.000000, 0.000000, 0.000000, 0.000000, 0.000000, 0, 		0, 0.000000, 0.000000, 0.000000, 0.000000, 0.000000, 0, 		0, 0.000000, 0.000000, 0.000000, 0.000000, 0.000000, 0, 		 	37, 975, 13, 0, 		4294967295, 4294967295,, 4294967295, 4294967295,, 4294967295, 4294967295,, 4294967295, 4294967295,, 		1, 1, 1, 1, 1, 1, 1, 1, 1, 1, 1, 1, 1, 1, 1, 1, 		0, 1, 2, 3, 4, 5, 6, 7, 8, 9, 10, 11, 12, 13, 14, 15,  
101.099998,80.099998,101.099998,	0.000000,0.000000,0.000000,	 0, 4278203136,, 	0, 0.000000, 0.000000, 0.000000, 0.000000, 0.000000, 0, 		0, 0.000000, 0.000000, 0.000000, 0.000000, 0.000000, 0, 		0, 0.000000, 0.000000, 0.000000, 0.000000, 0.000000, 0, 		0, 0.000000, 0.000000, 0.000000, 0.000000, 0.000000, 0, 		 	38, 975, 13, 0, 		4294967295, 4294967295,, 4294967295, 4294967295,, 4294967295, 4294967295,, 4294967295, 4294967295,, 		1, 1, 1, 1, 1, 1, 1, 1, 1, 1, 1, 1, 1, 1, 1, 1, 		0, 1, 2, 3, 4, 5, 6, 7, 8, 9, 10, 11, 12, 13, 14, 15,  
101.099998,80.099998,102.099998,	0.000000,0.000000,0.000000,	 0, 4278203136,, 	0, 0.000000, 0.000000, 0.000000, 0.000000, 0.000000, 0, 		0, 0.000000, 0.000000, 0.000000, 0.000000, 0.000000, 0, 		0, 0.000000, 0.000000, 0.000000, 0.000000, 0.000000, 0, 		0, 0.000000, 0.000000, 0.000000, 0.000000, 0.000000, 0, 		 	39, 975, 13, 0, 		4294967295, 4294967295,, 4294967295, 4294967295,, 4294967295, 4294967295,, 4294967295, 4294967295,, 		1, 1, 1, 1, 1, 1, 1, 1, 1, 1, 1, 1, 1, 1, 1, 1, 		0, 1, 2, 3, 4, 5, 6, 7, 8, 9, 10, 11, 12, 13, 14, 15,  
101.099998,80.099998,103.099998,	0.000000,0.000000,0.000000,	 0, 4278203136,, 	0, 0.000000, 0.000000, 0.000000, 0.000000, 0.000000, 0, 		0, 0.000000, 0.000000, 0.000000, 0.000000, 0.000000, 0, 		0, 0.000000, 0.000000, 0.000000, 0.000000, 0.000000, 0, 		0, 0.000000, 0.000000, 0.000000, 0.000000, 0.000000, 0, 		 	40, 975, 13, 4, 		4294967295, 4294967295,, 4294967295, 4294967295,, 4294967295, 4294967295,, 4294967295, 4294967295,, 		1, 1, 1, 1, 1, 1, 1, 1, 1, 1, 1, 1, 1, 1, 1, 1, 		0, 1, 2, 3, 4, 5, 6, 7, 8, 9, 10, 11, 12, 13, 14, 15,  
101.099998,80.099998,104.099998,	0.000000,0.000000,0.000000,	 0, 4278203136,, 	0, 0.000000, 0.000000, 0.000000, 0.000000, 0.000000, 0, 		0, 0.000000, 0.000000, 0.000000, 0.000000, 0.000000, 0, 		0, 0.000000, 0.000000, 0.000000, 0.000000, 0.000000, 0, 		0, 0.000000, 0.000000, 0.000000, 0.000000, 0.000000, 0, 		 	41, 975, 13, 0, 		4294967295, 4294967295,, 4294967295, 4294967295,, 4294967295, 4294967295,, 4294967295, 4294967295,, 		1, 1, 1, 1, 1, 1, 1, 1, 1, 1, 1, 1, 1, 1, 1, 1, 		0, 1, 2, 3, 4, 5, 6, 7, 8, 9, 10, 11, 12, 13, 14, 15,  
101.099998,80.099998,105.099998,	0.000000,0.000000,0.000000,	 0, 4278203136,, 	0, 0.000000, 0.000000, 0.000000, 0.000000, 0.000000, 0, 		0, 0.000000, 0.000000, 0.000000, 0.000000, 0.000000, 0, 		0, 0.000000, 0.000000, 0.000000, 0.000000, 0.000000, 0, 		0, 0.000000, 0.000000, 0.000000, 0.000000, 0.000000, 0, 		 	42, 975, 13, 0, 		4294967295, 4294967295,, 4294967295, 4294967295,, 4294967295, 4294967295,, 4294967295, 4294967295,, 		1, 1, 1, 1, 1, 1, 1, 1, 1, 1, 1, 1, 1, 1, 1, 1, 		0, 1, 2, 3, 4, 5, 6, 7, 8, 9, 10, 11, 12, 13, 14, 15,  
101.099998,81.099998,100.099998,	0.000000,0.000000,0.000000,	 0, 4278203136,, 	0, 0.000000, 0.000000, 0.000000, 0.000000, 0.000000, 0, 		0, 0.000000, 0.000000, 0.000000, 0.000000, 0.000000, 0, 		0, 0.000000, 0.000000, 0.000000, 0.000000, 0.000000, 0, 		0, 0.000000, 0.000000, 0.000000, 0.000000, 0.000000, 0, 		 	43, 975, 13, 0, 		4294967295, 4294967295,, 4294967295, 4294967295,, 4294967295, 4294967295,, 4294967295, 4294967295,, 		1, 1, 1, 1, 1, 1, 1, 1, 1, 1, 1, 1, 1, 1, 1, 1, 		0, 1, 2, 3, 4, 5, 6, 7, 8, 9, 10, 11, 12, 13, 14, 15,  
101.099998,81.099998,101.099998,	0.000000,0.000000,0.000000,	 0, 4278203136,, 	0, 0.000000, 0.000000, 0.000000, 0.000000, 0.000000, 0, 		0, 0.000000, 0.000000, 0.000000, 0.000000, 0.000000, 0, 		0, 0.000000, 0.000000, 0.000000, 0.000000, 0.000000, 0, 		0, 0.000000, 0.000000, 0.000000, 0.000000, 0.000000, 0, 		 	44, 975, 13, 0, 		4294967295, 4294967295,, 4294967295, 4294967295,, 4294967295, 4294967295,, 4294967295, 4294967295,, 		1, 1, 1, 1, 1, 1, 1, 1, 1, 1, 1, 1, 1, 1, 1, 1, 		0, 1, 2, 3, 4, 5, 6, 7, 8, 9, 10, 11, 12, 13, 14, 15,  
101.099998,81.099998,102.099998,	0.000000,0.000000,0.000000,	 0, 4278203136,, 	0, 0.000000, 0.000000, 0.000000, 0.000000, 0.000000, 0, 		0, 0.000000, 0.000000, 0.000000, 0.000000, 0.000000, 0, 		0, 0.000000, 0.000000, 0.000000, 0.000000, 0.000000, 0, 		0, 0.000000, 0.000000, 0.000000, 0.000000, 0.000000, 0, 		 	45, 975, 13, 0, 		4294967295, 4294967295,, 4294967295, 4294967295,, 4294967295, 4294967295,, 4294967295, 4294967295,, 		1, 1, 1, 1, 1, 1, 1, 1, 1, 1, 1, 1, 1, 1, 1, 1, 		0, 1, 2, 3, 4, 5, 6, 7, 8, 9, 10, 11, 12, 13, 14, 15,  
101.099998,81.099998,103.099998,	0.000000,0.000000,0.000000,	 0, 4278203136,, 	0, 0.000000, 0.000000, 0.000000, 0.000000, 0.000000, 0, 		0, 0.000000, 0.000000, 0.000000, 0.000000, 0.000000, 0, 		0, 0.000000, 0.000000, 0.000000, 0.000000, 0.000000, 0, 		0, 0.000000, 0.000000, 0.000000, 0.000000, 0.000000, 0, 		 	46, 975, 13, 0, 		4294967295, 4294967295,, 4294967295, 4294967295,, 4294967295, 4294967295,, 4294967295, 4294967295,, 		1, 1, 1, 1, 1, 1, 1, 1, 1, 1, 1, 1, 1, 1, 1, 1, 		0, 1, 2, 3, 4, 5, 6, 7, 8, 9, 10, 11, 12, 13, 14, 15,  
101.099998,81.099998,104.099998,	0.000000,0.000000,0.000000,	 0, 4278203136,, 	0, 0.000000, 0.000000, 0.000000, 0.000000, 0.000000, 0, 		0, 0.000000, 0.000000, 0.000000, 0.000000, 0.000000, 0, 		0, 0.000000, 0.000000, 0.000000, 0.000000, 0.000000, 0, 		0, 0.000000, 0.000000, 0.000000, 0.000000, 0.000000, 0, 		 	47, 975, 13, 0, 		4294967295, 4294967295,, 4294967295, 4294967295,, 4294967295, 4294967295,, 4294967295, 4294967295,, 		1, 1, 1, 1, 1, 1, 1, 1, 1, 1, 1, 1, 1, 1, 1, 1, 		0, 1, 2, 3, 4, 5, 6, 7, 8, 9, 10, 11, 12, 13, 14, 15,  
101.099998,81.099998,105.099998,	0.000000,0.000000,0.000000,	 0, 4278203136,, 	0, 0.000000, 0.000000, 0.000000, 0.000000, 0.000000, 0, 		0, 0.000000, 0.000000, 0.000000, 0.000000, 0.000000, 0, 		0, 0.000000, 0.000000, 0.000000, 0.000000, 0.000000, 0, 		0, 0.000000, 0.000000, 0.000000, 0.000000, 0.000000, 0, 		 	48, 975, 13, 0, 		4294967295, 4294967295,, 4294967295, 4294967295,, 4294967295, 4294967295,, 4294967295, 4294967295,, 		1, 1, 1, 1, 1, 1, 1, 1, 1, 1, 1, 1, 1, 1, 1, 1, 		0, 1, 2, 3, 4, 5, 6, 7, 8, 9, 10, 11, 12, 13, 14, 15,  
101.099998,82.099998,100.099998,	0.000000,0.000000,0.000000,	 0, 4278203136,, 	0, 0.000000, 0.000000, 0.000000, 0.000000, 0.000000, 0, 		0, 0.000000, 0.000000, 0.000000, 0.000000, 0.000000, 0, 		0, 0.000000, 0.000000, 0.000000, 0.000000, 0.000000, 0, 		0, 0.000000, 0.000000, 0.000000, 0.000000, 0.000000, 0, 		 	49, 975, 13, 0, 		4294967295, 4294967295,, 4294967295, 4294967295,, 4294967295, 4294967295,, 4294967295, 4294967295,, 		1, 1, 1, 1, 1, 1, 1, 1, 1, 1, 1, 1, 1, 1, 1, 1, 		0, 1, 2, 3, 4, 5, 6, 7, 8, 9, 10, 11, 12, 13, 14, 15,  
101.099998,82.099998,101.099998,	0.000000,0.000000,0.000000,	 0, 4278203136,, 	0, 0.000000, 0.000000, 0.000000, 0.000000, 0.000000, 0, 		0, 0.000000, 0.000000, 0.000000, 0.000000, 0.000000, 0, 		0, 0.000000, 0.000000, 0.000000, 0.000000, 0.000000, 0, 		0, 0.000000, 0.000000, 0.000000, 0.000000, 0.000000, 0, 		 	50, 975, 13, 5, 		4294967295, 4294967295,, 4294967295, 4294967295,, 4294967295, 4294967295,, 4294967295, 4294967295,, 		1, 1, 1, 1, 1, 1, 1, 1, 1, 1, 1, 1, 1, 1, 1, 1, 		0, 1, 2, 3, 4, 5, 6, 7, 8, 9, 10, 11, 12, 13, 14, 15,  
101.099998,82.099998,102.099998,	0.000000,0.000000,0.000000,	 0, 4278203136,, 	0, 0.000000, 0.000000, 0.000000, 0.000000, 0.000000, 0, 		0, 0.000000, 0.000000, 0.000000, 0.000000, 0.000000, 0, 		0, 0.000000, 0.000000, 0.000000, 0.000000, 0.000000, 0, 		0, 0.000000, 0.000000, 0.000000, 0.000000, 0.000000, 0, 		 	51, 975, 13, 0, 		4294967295, 4294967295,, 4294967295, 4294967295,, 4294967295, 4294967295,, 4294967295, 4294967295,, 		1, 1, 1, 1, 1, 1, 1, 1, 1, 1, 1, 1, 1, 1, 1, 1, 		0, 1, 2, 3, 4, 5, 6, 7, 8, 9, 10, 11, 12, 13, 14, 15,  
101.099998,82.099998,103.099998,	0.000000,0.000000,0.000000,	 0, 4278203136,, 	0, 0.000000, 0.000000, 0.000000, 0.000000, 0.000000, 0, 		0, 0.000000, 0.000000, 0.000000, 0.000000, 0.000000, 0, 		0, 0.000000, 0.000000, 0.000000, 0.000000, 0.000000, 0, 		0, 0.000000, 0.000000, 0.000000, 0.000000, 0.000000, 0, 		 	52, 975, 13, 0, 		4294967295, 4294967295,, 4294967295, 4294967295,, 4294967295, 4294967295,, 4294967295, 4294967295,, 		1, 1, 1, 1, 1, 1, 1, 1, 1, 1, 1, 1, 1, 1, 1, 1, 		0, 1, 2, 3, 4, 5, 6, 7, 8, 9, 10, 11, 12, 13, 14, 15,  
101.099998,82.099998,104.099998,	0.000000,0.000000,0.000000,	 0, 4278203136,, 	0, 0.000000, 0.000000, 0.000000, 0.000000, 0.000000, 0, 		0, 0.000000, 0.000000, 0.000000, 0.000000, 0.000000, 0, 		0, 0.000000, 0.000000, 0.000000, 0.000000, 0.000000, 0, 		0, 0.000000, 0.000000, 0.000000, 0.000000, 0.000000, 0, 		 	53, 975, 13, 0, 		4294967295, 4294967295,, 4294967295, 4294967295,, 4294967295, 4294967295,, 4294967295, 4294967295,, 		1, 1, 1, 1, 1, 1, 1, 1, 1, 1, 1, 1, 1, 1, 1, 1, 		0, 1, 2, 3, 4, 5, 6, 7, 8, 9, 10, 11, 12, 13, 14, 15,  
101.099998,82.099998,105.099998,	0.000000,0.000000,0.000000,	 0, 4278203136,, 	0, 0.000000, 0.000000, 0.000000, 0.000000, 0.000000, 0, 		0, 0.000000, 0.000000, 0.000000, 0.000000, 0.000000, 0, 		0, 0.000000, 0.000000, 0.000000, 0.000000, 0.000000, 0, 		0, 0.000000, 0.000000, 0.000000, 0.000000, 0.000000, 0, 		 	54, 975, 13, 0, 		4294967295, 4294967295,, 4294967295, 4294967295,, 4294967295, 4294967295,, 4294967295, 4294967295,, 		1, 1, 1, 1, 1, 1, 1, 1, 1, 1, 1, 1, 1, 1, 1, 1, 		0, 1, 2, 3, 4, 5, 6, 7, 8, 9, 10, 11, 12, 13, 14, 15,  
101.099998,83.099998,100.099998,	0.000000,0.000000,0.000000,	 0, 4278203136,, 	0, 0.000000, 0.000000, 0.000000, 0.000000, 0.000000, 0, 		0, 0.000000, 0.000000, 0.000000, 0.000000, 0.000000, 0, 		0, 0.000000, 0.000000, 0.000000, 0.000000, 0.000000, 0, 		0, 0.000000, 0.000000, 0.000000, 0.000000, 0.000000, 0, 		 	55, 975, 13, 0, 		4294967295, 4294967295,, 4294967295, 4294967295,, 4294967295, 4294967295,, 4294967295, 4294967295,, 		1, 1, 1, 1, 1, 1, 1, 1, 1, 1, 1, 1, 1, 1, 1, 1, 		0, 1, 2, 3, 4, 5, 6, 7, 8, 9, 10, 11, 12, 13, 14, 15,  
101.099998,83.099998,101.099998,	0.000000,0.000000,0.000000,	 0, 4278203136,, 	0, 0.000000, 0.000000, 0.000000, 0.000000, 0.000000, 0, 		0, 0.000000, 0.000000, 0.000000, 0.000000, 0.000000, 0, 		0, 0.000000, 0.000000, 0.000000, 0.000000, 0.000000, 0, 		0, 0.000000, 0.000000, 0.000000, 0.000000, 0.000000, 0, 		 	56, 975, 13, 0, 		4294967295, 4294967295,, 4294967295, 4294967295,, 4294967295, 4294967295,, 4294967295, 4294967295,, 		1, 1, 1, 1, 1, 1, 1, 1, 1, 1, 1, 1, 1, 1, 1, 1, 		0, 1, 2, 3, 4, 5, 6, 7, 8, 9, 10, 11, 12, 13, 14, 15,  
101.099998,83.099998,102.099998,	0.000000,0.000000,0.000000,	 0, 4278203136,, 	0, 0.000000, 0.000000, 0.000000, 0.000000, 0.000000, 0, 		0, 0.000000, 0.000000, 0.000000, 0.000000, 0.000000, 0, 		0, 0.000000, 0.000000, 0.000000, 0.000000, 0.000000, 0, 		0, 0.000000, 0.000000, 0.000000, 0.000000, 0.000000, 0, 		 	57, 975, 13, 0, 		4294967295, 4294967295,, 4294967295, 4294967295,, 4294967295, 4294967295,, 4294967295, 4294967295,, 		1, 1, 1, 1, 1, 1, 1, 1, 1, 1, 1, 1, 1, 1, 1, 1, 		0, 1, 2, 3, 4, 5, 6, 7, 8, 9, 10, 11, 12, 13, 14, 15,  
101.099998,83.099998,103.099998,	0.000000,0.000000,0.000000,	 0, 4278203136,, 	0, 0.000000, 0.000000, 0.000000, 0.000000, 0.000000, 0, 		0, 0.000000, 0.000000, 0.000000, 0.000000, 0.000000, 0, 		0, 0.000000, 0.000000, 0.000000, 0.000000, 0.000000, 0, 		0, 0.000000, 0.000000, 0.000000, 0.000000, 0.000000, 0, 		 	58, 975, 13, 0, 		4294967295, 4294967295,, 4294967295, 4294967295,, 4294967295, 4294967295,, 4294967295, 4294967295,, 		1, 1, 1, 1, 1, 1, 1, 1, 1, 1, 1, 1, 1, 1, 1, 1, 		0, 1, 2, 3, 4, 5, 6, 7, 8, 9, 10, 11, 12, 13, 14, 15,  
101.099998,83.099998,104.099998,	0.000000,0.000000,0.000000,	 0, 4278203136,, 	0, 0.000000, 0.000000, 0.000000, 0.000000, 0.000000, 0, 		0, 0.000000, 0.000000, 0.000000, 0.000000, 0.000000, 0, 		0, 0.000000, 0.000000, 0.000000, 0.000000, 0.000000, 0, 		0, 0.000000, 0.000000, 0.000000, 0.000000, 0.000000, 0, 		 	59, 975, 13, 0, 		4294967295, 4294967295,, 4294967295, 4294967295,, 4294967295, 4294967295,, 4294967295, 4294967295,, 		1, 1, 1, 1, 1, 1, 1, 1, 1, 1, 1, 1, 1, 1, 1, 1, 		0, 1, 2, 3, 4, 5, 6, 7, 8, 9, 10, 11, 12, 13, 14, 15,  
101.099998,83.099998,105.099998,	0.000000,0.000000,0.000000,	 0, 4278203136,, 	0, 0.000000, 0.000000, 0.000000, 0.000000, 0.000000, 0, 		0, 0.000000, 0.000000, 0.000000, 0.000000, 0.000000, 0, 		0, 0.000000, 0.000000, 0.000000, 0.000000, 0.000000, 0, 		0, 0.000000, 0.000000, 0.000000, 0.000000, 0.000000, 0, 		 	60, 975, 13, 6, 		4294967295, 4294967295,, 4294967295, 4294967295,, 4294967295, 4294967295,, 4294967295, 4294967295,, 		1, 1, 1, 1, 1, 1, 1, 1, 1, 1, 1, 1, 1, 1, 1, 1, 		0, 1, 2, 3, 4, 5, 6, 7, 8, 9, 10, 11, 12, 13, 14, 15,  
101.099998,84.099998,100.099998,	0.000000,0.000000,0.000000,	 0, 4278203136,, 	0, 0.000000, 0.000000, 0.000000, 0.000000, 0.000000, 0, 		0, 0.000000, 0.000000, 0.000000, 0.000000, 0.000000, 0, 		0, 0.000000, 0.000000, 0.000000, 0.000000, 0.000000, 0, 		0, 0.000000, 0.000000, 0.000000, 0.000000, 0.000000, 0, 		 	61, 975, 13, 0, 		4294967295, 4294967295,, 4294967295, 4294967295,, 4294967295, 4294967295,, 4294967295, 4294967295,, 		1, 1, 1, 1, 1, 1, 1, 1, 1, 1, 1, 1, 1, 1, 1, 1, 		0, 1, 2, 3, 4, 5, 6, 7, 8, 9, 10, 11, 12, 13, 14, 15,  
101.099998,84.099998,101.099998,	0.000000,0.000000,0.000000,	 0, 4278203136,, 	0, 0.000000, 0.000000, 0.000000, 0.000000, 0.000000, 0, 		0, 0.000000, 0.000000, 0.000000, 0.000000, 0.000000, 0, 		0, 0.000000, 0.000000, 0.000000, 0.000000, 0.000000, 0, 		0, 0.000000, 0.000000, 0.000000, 0.000000, 0.000000, 0, 		 	62, 975, 13, 0, 		4294967295, 4294967295,, 4294967295, 4294967295,, 4294967295, 4294967295,, 4294967295, 4294967295,, 		1, 1, 1, 1, 1, 1, 1, 1, 1, 1, 1, 1, 1, 1, 1, 1, 		0, 1, 2, 3, 4, 5, 6, 7, 8, 9, 10, 11, 12, 13, 14, 15,  
101.099998,84.099998,102.099998,	0.000000,0.000000,0.000000,	 0, 4278203136,, 	0, 0.000000, 0.000000, 0.000000, 0.000000, 0.000000, 0, 		0, 0.000000, 0.000000, 0.000000, 0.000000, 0.000000, 0, 		0, 0.000000, 0.000000, 0.000000, 0.000000, 0.000000, 0, 		0, 0.000000, 0.000000, 0.000000, 0.000000, 0.000000, 0, 		 	63, 975, 13, 0, 		4294967295, 4294967295,, 4294967295, 4294967295,, 4294967295, 4294967295,, 4294967295, 4294967295,, 		1, 1, 1, 1, 1, 1, 1, 1, 1, 1, 1, 1, 1, 1, 1, 1, 		0, 1, 2, 3, 4, 5, 6, 7, 8, 9, 10, 11, 12, 13, 14, 15,  
101.099998,84.099998,103.099998,	0.000000,0.000000,0.000000,	 0, 4278203136,, 	0, 0.000000, 0.000000, 0.000000, 0.000000, 0.000000, 0, 		0, 0.000000, 0.000000, 0.000000, 0.000000, 0.000000, 0, 		0, 0.000000, 0.000000, 0.000000, 0.000000, 0.000000, 0, 		0, 0.000000, 0.000000, 0.000000, 0.000000, 0.000000, 0, 		 	64, 975, 13, 0, 		4294967295, 4294967295,, 4294967295, 4294967295,, 4294967295, 4294967295,, 4294967295, 4294967295,, 		1, 1, 1, 1, 1, 1, 1, 1, 1, 1, 1, 1, 1, 1, 1, 1, 		0, 1, 2, 3, 4, 5, 6, 7, 8, 9, 10, 11, 12, 13, 14, 15,  
101.099998,84.099998,104.099998,	0.000000,0.000000,0.000000,	 0, 4278203136,, 	0, 0.000000, 0.000000, 0.000000, 0.000000, 0.000000, 0, 		0, 0.000000, 0.000000, 0.000000, 0.000000, 0.000000, 0, 		0, 0.000000, 0.000000, 0.000000, 0.000000, 0.000000, 0, 		0, 0.000000, 0.000000, 0.000000, 0.000000, 0.000000, 0, 		 	65, 975, 13, 0, 		4294967295, 4294967295,, 4294967295, 4294967295,, 4294967295, 4294967295,, 4294967295, 4294967295,, 		1, 1, 1, 1, 1, 1, 1, 1, 1, 1, 1, 1, 1, 1, 1, 1, 		0, 1, 2, 3, 4, 5, 6, 7, 8, 9, 10, 11, 12, 13, 14, 15,  
101.099998,84.099998,105.099998,	0.000000,0.000000,0.000000,	 0, 4278203136,, 	0, 0.000000, 0.000000, 0.000000, 0.000000, 0.000000, 0, 		0, 0.000000, 0.000000, 0.000000, 0.000000, 0.000000, 0, 		0, 0.000000, 0.000000, 0.000000, 0.000000, 0.000000, 0, 		0, 0.000000, 0.000000, 0.000000, 0.000000, 0.000000, 0, 		 	66, 975, 13, 0, 		4294967295, 4294967295,, 4294967295, 4294967295,, 4294967295, 4294967295,, 4294967295, 4294967295,, 		1, 1, 1, 1, 1, 1, 1, 1, 1, 1, 1, 1, 1, 1, 1, 1, 		0, 1, 2, 3, 4, 5, 6, 7, 8, 9, 10, 11, 12, 13, 14, 15,  
101.099998,85.099998,100.099998,	0.000000,0.000000,0.000000,	 0, 4278203136,, 	0, 0.000000, 0.000000, 0.000000, 0.000000, 0.000000, 0, 		0, 0.000000, 0.000000, 0.000000, 0.000000, 0.000000, 0, 		0, 0.000000, 0.000000, 0.000000, 0.000000, 0.000000, 0, 		0, 0.000000, 0.000000, 0.000000, 0.000000, 0.000000, 0, 		 	67, 975, 13, 0, 		4294967295, 4294967295,, 4294967295, 4294967295,, 4294967295, 4294967295,, 4294967295, 4294967295,, 		1, 1, 1, 1, 1, 1, 1, 1, 1, 1, 1, 1, 1, 1, 1, 1, 		0, 1, 2, 3, 4, 5, 6, 7, 8, 9, 10, 11, 12, 13, 14, 15,  
101.099998,85.099998,101.099998,	0.000000,0.000000,0.000000,	 0, 4278203136,, 	0, 0.000000, 0.000000, 0.000000, 0.000000, 0.000000, 0, 		0, 0.000000, 0.000000, 0.000000, 0.000000, 0.000000, 0, 		0, 0.000000, 0.000000, 0.000000, 0.000000, 0.000000, 0, 		0, 0.000000, 0.000000, 0.000000, 0.000000, 0.000000, 0, 		 	68, 975, 13, 0, 		4294967295, 4294967295,, 4294967295, 4294967295,, 4294967295, 4294967295,, 4294967295, 4294967295,, 		1, 1, 1, 1, 1, 1, 1, 1, 1, 1, 1, 1, 1, 1, 1, 1, 		0, 1, 2, 3, 4, 5, 6, 7, 8, 9, 10, 11, 12, 13, 14, 15,  
101.099998,85.099998,102.099998,	0.000000,0.000000,0.000000,	 0, 4278203136,, 	0, 0.000000, 0.000000, 0.000000, 0.000000, 0.000000, 0, 		0, 0.000000, 0.000000, 0.000000, 0.000000, 0.000000, 0, 		0, 0.000000, 0.000000, 0.000000, 0.000000, 0.000000, 0, 		0, 0.000000, 0.000000, 0.000000, 0.000000, 0.000000, 0, 		 	69, 975, 13, 0, 		4294967295, 4294967295,, 4294967295, 4294967295,, 4294967295, 4294967295,, 4294967295, 4294967295,, 		1, 1, 1, 1, 1, 1, 1, 1, 1, 1, 1, 1, 1, 1, 1, 1, 		0, 1, 2, 3, 4, 5, 6, 7, 8, 9, 10, 11, 12, 13, 14, 15,  
101.099998,85.099998,103.099998,	0.000000,0.000000,0.000000,	 0, 4278203136,, 	0, 0.000000, 0.000000, 0.000000, 0.000000, 0.000000, 0, 		0, 0.000000, 0.000000, 0.000000, 0.000000, 0.000000, 0, 		0, 0.000000, 0.000000, 0.000000, 0.000000, 0.000000, 0, 		0, 0.000000, 0.000000, 0.000000, 0.000000, 0.000000, 0, 		 	70, 975, 13, 7, 		4294967295, 4294967295,, 4294967295, 4294967295,, 4294967295, 4294967295,, 4294967295, 4294967295,, 		1, 1, 1, 1, 1, 1, 1, 1, 1, 1, 1, 1, 1, 1, 1, 1, 		0, 1, 2, 3, 4, 5, 6, 7, 8, 9, 10, 11, 12, 13, 14, 15,  
101.099998,85.099998,104.099998,	0.000000,0.000000,0.000000,	 0, 4278203136,, 	0, 0.000000, 0.000000, 0.000000, 0.000000, 0.000000, 0, 		0, 0.000000, 0.000000, 0.000000, 0.000000, 0.000000, 0, 		0, 0.000000, 0.000000, 0.000000, 0.000000, 0.000000, 0, 		0, 0.000000, 0.000000, 0.000000, 0.000000, 0.000000, 0, 		 	71, 975, 13, 0, 		4294967295, 4294967295,, 4294967295, 4294967295,, 4294967295, 4294967295,, 4294967295, 4294967295,, 		1, 1, 1, 1, 1, 1, 1, 1, 1, 1, 1, 1, 1, 1, 1, 1, 		0, 1, 2, 3, 4, 5, 6, 7, 8, 9, 10, 11, 12, 13, 14, 15,  
101.099998,85.099998,105.099998,	0.000000,0.000000,0.000000,	 0, 4278203136,, 	0, 0.000000, 0.000000, 0.000000, 0.000000, 0.000000, 0, 		0, 0.000000, 0.000000, 0.000000, 0.000000, 0.000000, 0, 		0, 0.000000, 0.000000, 0.000000, 0.000000, 0.000000, 0, 		0, 0.000000, 0.000000, 0.000000, 0.000000, 0.000000, 0, 		 	72, 975, 13, 0, 		4294967295, 4294967295,, 4294967295, 4294967295,, 4294967295, 4294967295,, 4294967295, 4294967295,, 		1, 1, 1, 1, 1, 1, 1, 1, 1, 1, 1, 1, 1, 1, 1, 1, 		0, 1, 2, 3, 4, 5, 6, 7, 8, 9, 10, 11, 12, 13, 14, 15,  
102.099998,80.099998,100.099998,	0.000000,0.000000,0.000000,	 0, 4278203136,, 	0, 0.000000, 0.000000, 0.000000, 0.000000, 0.000000, 0, 		0, 0.000000, 0.000000, 0.000000, 0.000000, 0.000000, 0, 		0, 0.000000, 0.000000, 0.000000, 0.000000, 0.000000, 0, 		0, 0.000000, 0.000000, 0.000000, 0.000000, 0.000000, 0, 		 	73, 975, 13, 0, 		4294967295, 4294967295,, 4294967295, 4294967295,, 4294967295, 4294967295,, 4294967295, 4294967295,, 		1, 1, 1, 1, 1, 1, 1, 1, 1, 1, 1, 1, 1, 1, 1, 1, 		0, 1, 2, 3, 4, 5, 6, 7, 8, 9, 10, 11, 12, 13, 14, 15,  
102.099998,80.099998,101.099998,	0.000000,0.000000,0.000000,	 0, 4278203136,, 	0, 0.000000, 0.000000, 0.000000, 0.000000, 0.000000, 0, 		0, 0.000000, 0.000000, 0.000000, 0.000000, 0.000000, 0, 		0, 0.000000, 0.000000, 0.000000, 0.000000, 0.000000, 0, 		0, 0.000000, 0.000000, 0.000000, 0.000000, 0.000000, 0, 		 	74, 975, 13, 0, 		4294967295, 4294967295,, 4294967295, 4294967295,, 4294967295, 4294967295,, 4294967295, 4294967295,, 		1, 1, 1, 1, 1, 1, 1, 1, 1, 1, 1, 1, 1, 1, 1, 1, 		0, 1, 2, 3, 4, 5, 6, 7, 8, 9, 10, 11, 12, 13, 14, 15,  
102.099998,80.099998,102.099998,	0.000000,0.000000,0.000000,	 0, 4278203136,, 	0, 0.000000, 0.000000, 0.000000, 0.000000, 0.000000, 0, 		0, 0.000000, 0.000000, 0.000000, 0.000000, 0.000000, 0, 		0, 0.000000, 0.000000, 0.000000, 0.000000, 0.000000, 0, 		0, 0.000000, 0.000000, 0.000000, 0.000000, 0.000000, 0, 		 	75, 975, 13, 0, 		4294967295, 4294967295,, 4294967295, 4294967295,, 4294967295, 4294967295,, 4294967295, 4294967295,, 		1, 1, 1, 1, 1, 1, 1, 1, 1, 1, 1, 1, 1, 1, 1, 1, 		0, 1, 2, 3, 4, 5, 6, 7, 8, 9, 10, 11, 12, 13, 14, 15,  
102.099998,80.099998,103.099998,	0.000000,0.000000,0.000000,	 0, 4278203136,, 	0, 0.000000, 0.000000, 0.000000, 0.000000, 0.000000, 0, 		0, 0.000000, 0.000000, 0.000000, 0.000000, 0.000000, 0, 		0, 0.000000, 0.000000, 0.000000, 0.000000, 0.000000, 0, 		0, 0.000000, 0.000000, 0.000000, 0.000000, 0.000000, 0, 		 	76, 975, 13, 0, 		4294967295, 4294967295,, 4294967295, 4294967295,, 4294967295, 4294967295,, 4294967295, 4294967295,, 		1, 1, 1, 1, 1, 1, 1, 1, 1, 1, 1, 1, 1, 1, 1, 1, 		0, 1, 2, 3, 4, 5, 6, 7, 8, 9, 10, 11, 12, 13, 14, 15,  
102.099998,80.099998,104.099998,	0.000000,0.000000,0.000000,	 0, 4278203136,, 	0, 0.000000, 0.000000, 0.000000, 0.000000, 0.000000, 0, 		0, 0.000000, 0.000000, 0.000000, 0.000000, 0.000000, 0, 		0, 0.000000, 0.000000, 0.000000, 0.000000, 0.000000, 0, 		0, 0.000000, 0.000000, 0.000000, 0.000000, 0.000000, 0, 		 	77, 975, 13, 0, 		4294967295, 4294967295,, 4294967295, 4294967295,, 4294967295, 4294967295,, 4294967295, 4294967295,, 		1, 1, 1, 1, 1, 1, 1, 1, 1, 1, 1, 1, 1, 1, 1, 1, 		0, 1, 2, 3, 4, 5, 6, 7, 8, 9, 10, 11, 12, 13, 14, 15,  
102.099998,80.099998,105.099998,	0.000000,0.000000,0.000000,	 0, 4278203136,, 	0, 0.000000, 0.000000, 0.000000, 0.000000, 0.000000, 0, 		0, 0.000000, 0.000000, 0.000000, 0.000000, 0.000000, 0, 		0, 0.000000, 0.000000, 0.000000, 0.000000, 0.000000, 0, 		0, 0.000000, 0.000000, 0.000000, 0.000000, 0.000000, 0, 		 	78, 975, 13, 0, 		4294967295, 4294967295,, 4294967295, 4294967295,, 4294967295, 4294967295,, 4294967295, 4294967295,, 		1, 1, 1, 1, 1, 1, 1, 1, 1, 1, 1, 1, 1, 1, 1, 1, 		0, 1, 2, 3, 4, 5, 6, 7, 8, 9, 10, 11, 12, 13, 14, 15,  
102.099998,81.099998,100.099998,	0.000000,0.000000,0.000000,	 0, 4278203136,, 	0, 0.000000, 0.000000, 0.000000, 0.000000, 0.000000, 0, 		0, 0.000000, 0.000000, 0.000000, 0.000000, 0.000000, 0, 		0, 0.000000, 0.000000, 0.000000, 0.000000, 0.000000, 0, 		0, 0.000000, 0.000000, 0.000000, 0.000000, 0.000000, 0, 		 	79, 975, 13, 0, 		4294967295, 4294967295,, 4294967295, 4294967295,, 4294967295, 4294967295,, 4294967295, 4294967295,, 		1, 1, 1, 1, 1, 1, 1, 1, 1, 1, 1, 1, 1, 1, 1, 1, 		0, 1, 2, 3, 4, 5, 6, 7, 8, 9, 10, 11, 12, 13, 14, 15,  
102.099998,81.099998,101.099998,	0.000000,0.000000,0.000000,	 0, 4278203136,, 	0, 0.000000, 0.000000, 0.000000, 0.000000, 0.000000, 0, 		0, 0.000000, 0.000000, 0.000000, 0.000000, 0.000000, 0, 		0, 0.000000, 0.000000, 0.000000, 0.000000, 0.000000, 0, 		0, 0.000000, 0.000000, 0.000000, 0.000000, 0.000000, 0, 		 	80, 975, 13, 8, 		4294967295, 4294967295,, 4294967295, 4294967295,, 4294967295, 4294967295,, 4294967295, 4294967295,, 		1, 1, 1, 1, 1, 1, 1, 1, 1, 1, 1, 1, 1, 1, 1, 1, 		0, 1, 2, 3, 4, 5, 6, 7, 8, 9, 10, 11, 12, 13, 14, 15,  
102.099998,81.099998,102.099998,	0.000000,0.000000,0.000000,	 0, 4278203136,, 	0, 0.000000, 0.000000, 0.000000, 0.000000, 0.000000, 0, 		0, 0.000000, 0.000000, 0.000000, 0.000000, 0.000000, 0, 		0, 0.000000, 0.000000, 0.000000, 0.000000, 0.000000, 0, 		0, 0.000000, 0.000000, 0.000000, 0.000000, 0.000000, 0, 		 	81, 975, 13, 0, 		4294967295, 4294967295,, 4294967295, 4294967295,, 4294967295, 4294967295,, 4294967295, 4294967295,, 		1, 1, 1, 1, 1, 1, 1, 1, 1, 1, 1, 1, 1, 1, 1, 1, 		0, 1, 2, 3, 4, 5, 6, 7, 8, 9, 10, 11, 12, 13, 14, 15,  
102.099998,81.099998,103.099998,	0.000000,0.000000,0.000000,	 0, 4278203136,, 	0, 0.000000, 0.000000, 0.000000, 0.000000, 0.000000, 0, 		0, 0.000000, 0.000000, 0.000000, 0.000000, 0.000000, 0, 		0, 0.000000, 0.000000, 0.000000, 0.000000, 0.000000, 0, 		0, 0.000000, 0.000000, 0.000000, 0.000000, 0.000000, 0, 		 	82, 975, 13, 0, 		4294967295, 4294967295,, 4294967295, 4294967295,, 4294967295, 4294967295,, 4294967295, 4294967295,, 		1, 1, 1, 1, 1, 1, 1, 1, 1, 1, 1, 1, 1, 1, 1, 1, 		0, 1, 2, 3, 4, 5, 6, 7, 8, 9, 10, 11, 12, 13, 14, 15,  
102.099998,81.099998,104.099998,	0.000000,0.000000,0.000000,	 0, 4278203136,, 	0, 0.000000, 0.000000, 0.000000, 0.000000, 0.000000, 0, 		0, 0.000000, 0.000000, 0.000000, 0.000000, 0.000000, 0, 		0, 0.000000, 0.000000, 0.000000, 0.000000, 0.000000, 0, 		0, 0.000000, 0.000000, 0.000000, 0.000000, 0.000000, 0, 		 	83, 975, 13, 0, 		4294967295, 4294967295,, 4294967295, 4294967295,, 4294967295, 4294967295,, 4294967295, 4294967295,, 		1, 1, 1, 1, 1, 1, 1, 1, 1, 1, 1, 1, 1, 1, 1, 1, 		0, 1, 2, 3, 4, 5, 6, 7, 8, 9, 10, 11, 12, 13, 14, 15,  
102.099998,81.099998,105.099998,	0.000000,0.000000,0.000000,	 0, 4278203136,, 	0, 0.000000, 0.000000, 0.000000, 0.000000, 0.000000, 0, 		0, 0.000000, 0.000000, 0.000000, 0.000000, 0.000000, 0, 		0, 0.000000, 0.000000, 0.000000, 0.000000, 0.000000, 0, 		0, 0.000000, 0.000000, 0.000000, 0.000000, 0.000000, 0, 		 	84, 975, 13, 0, 		4294967295, 4294967295,, 4294967295, 4294967295,, 4294967295, 4294967295,, 4294967295, 4294967295,, 		1, 1, 1, 1, 1, 1, 1, 1, 1, 1, 1, 1, 1, 1, 1, 1, 		0, 1, 2, 3, 4, 5, 6, 7, 8, 9, 10, 11, 12, 13, 14, 15,  
102.099998,82.099998,100.099998,	0.000000,0.000000,0.000000,	 0, 4278203136,, 	0, 0.000000, 0.000000, 0.000000, 0.000000, 0.000000, 0, 		0, 0.000000, 0.000000, 0.000000, 0.000000, 0.000000, 0, 		0, 0.000000, 0.000000, 0.000000, 0.000000, 0.000000, 0, 		0, 0.000000, 0.000000, 0.000000, 0.000000, 0.000000, 0, 		 	85, 975, 13, 0, 		4294967295, 4294967295,, 4294967295, 4294967295,, 4294967295, 4294967295,, 4294967295, 4294967295,, 		1, 1, 1, 1, 1, 1, 1, 1, 1, 1, 1, 1, 1, 1, 1, 1, 		0, 1, 2, 3, 4, 5, 6, 7, 8, 9, 10, 11, 12, 13, 14, 15,  
102.099998,82.099998,101.099998,	0.000000,0.000000,0.000000,	 0, 4278203136,, 	0, 0.000000, 0.000000, 0.000000, 0.000000, 0.000000, 0, 		0, 0.000000, 0.000000, 0.000000, 0.000000, 0.000000, 0, 		0, 0.000000, 0.000000, 0.000000, 0.000000, 0.000000, 0, 		0, 0.000000, 0.000000, 0.000000, 0.000000, 0.000000, 0, 		 	86, 975, 13, 0, 		4294967295, 4294967295,, 4294967295, 4294967295,, 4294967295, 4294967295,, 4294967295, 4294967295,, 		1, 1, 1, 1, 1, 1, 1, 1, 1, 1, 1, 1, 1, 1, 1, 1, 		0, 1, 2, 3, 4, 5, 6, 7, 8, 9, 10, 11, 12, 13, 14, 15,  
102.099998,82.099998,102.099998,	0.000000,0.000000,0.000000,	 0, 4278203136,, 	0, 0.000000, 0.000000, 0.000000, 0.000000, 0.000000, 0, 		0, 0.000000, 0.000000, 0.000000, 0.000000, 0.000000, 0, 		0, 0.000000, 0.000000, 0.000000, 0.000000, 0.000000, 0, 		0, 0.000000, 0.000000, 0.000000, 0.000000, 0.000000, 0, 		 	87, 975, 13, 0, 		4294967295, 4294967295,, 4294967295, 4294967295,, 4294967295, 4294967295,, 4294967295, 4294967295,, 		1, 1, 1, 1, 1, 1, 1, 1, 1, 1, 1, 1, 1, 1, 1, 1, 		0, 1, 2, 3, 4, 5, 6, 7, 8, 9, 10, 11, 12, 13, 14, 15,  
102.099998,82.099998,103.099998,	0.000000,0.000000,0.000000,	 0, 4278203136,, 	0, 0.000000, 0.000000, 0.000000, 0.000000, 0.000000, 0, 		0, 0.000000, 0.000000, 0.000000, 0.000000, 0.000000, 0, 		0, 0.000000, 0.000000, 0.000000, 0.000000, 0.000000, 0, 		0, 0.000000, 0.000000, 0.000000, 0.000000, 0.000000, 0, 		 	88, 975, 13, 0, 		4294967295, 4294967295,, 4294967295, 4294967295,, 4294967295, 4294967295,, 4294967295, 4294967295,, 		1, 1, 1, 1, 1, 1, 1, 1, 1, 1, 1, 1, 1, 1, 1, 1, 		0, 1, 2, 3, 4, 5, 6, 7, 8, 9, 10, 11, 12, 13, 14, 15,  
102.099998,82.099998,104.099998,	0.000000,0.000000,0.000000,	 0, 4278203136,, 	0, 0.000000, 0.000000, 0.000000, 0.000000, 0.000000, 0, 		0, 0.000000, 0.000000, 0.000000, 0.000000, 0.000000, 0, 		0, 0.000000, 0.000000, 0.000000, 0.000000, 0.000000, 0, 		0, 0.000000, 0.000000, 0.000000, 0.000000, 0.000000, 0, 		 	89, 975, 13, 0, 		4294967295, 4294967295,, 4294967295, 4294967295,, 4294967295, 4294967295,, 4294967295, 4294967295,, 		1, 1, 1, 1, 1, 1, 1, 1, 1, 1, 1, 1, 1, 1, 1, 1, 		0, 1, 2, 3, 4, 5, 6, 7, 8, 9, 10, 11, 12, 13, 14, 15,  
102.099998,82.099998,105.099998,	0.000000,0.000000,0.000000,	 0, 4278203136,, 	0, 0.000000, 0.000000, 0.000000, 0.000000, 0.000000, 0, 		0, 0.000000, 0.000000, 0.000000, 0.000000, 0.000000, 0, 		0, 0.000000, 0.000000, 0.000000, 0.000000, 0.000000, 0, 		0, 0.000000, 0.000000, 0.000000, 0.000000, 0.000000, 0, 		 	90, 975, 13, 9, 		4294967295, 4294967295,, 4294967295, 4294967295,, 4294967295, 4294967295,, 4294967295, 4294967295,, 		1, 1, 1, 1, 1, 1, 1, 1, 1, 1, 1, 1, 1, 1, 1, 1, 		0, 1, 2, 3, 4, 5, 6, 7, 8, 9, 10, 11, 12, 13, 14, 15,  
102.099998,83.099998,100.099998,	0.000000,0.000000,0.000000,	 0, 4278203136,, 	0, 0.000000, 0.000000, 0.000000, 0.000000, 0.000000, 0, 		0, 0.000000, 0.000000, 0.000000, 0.000000, 0.000000, 0, 		0, 0.000000, 0.000000, 0.000000, 0.000000, 0.000000, 0, 		0, 0.000000, 0.000000, 0.000000, 0.000000, 0.000000, 0, 		 	91, 975, 13, 0, 		4294967295, 4294967295,, 4294967295, 4294967295,, 4294967295, 4294967295,, 4294967295, 4294967295,, 		1, 1, 1, 1, 1, 1, 1, 1, 1, 1, 1, 1, 1, 1, 1, 1, 		0, 1, 2, 3, 4, 5, 6, 7, 8, 9, 10, 11, 12, 13, 14, 15,  
102.099998,83.099998,101.099998,	0.000000,0.000000,0.000000,	 0, 4278203136,, 	0, 0.000000, 0.000000, 0.000000, 0.000000, 0.000000, 0, 		0, 0.000000, 0.000000, 0.000000, 0.000000, 0.000000, 0, 		0, 0.000000, 0.000000, 0.000000, 0.000000, 0.000000, 0, 		0, 0.000000, 0.000000, 0.000000, 0.000000, 0.000000, 0, 		 	92, 975, 13, 0, 		4294967295, 4294967295,, 4294967295, 4294967295,, 4294967295, 4294967295,, 4294967295, 4294967295,, 		1, 1, 1, 1, 1, 1, 1, 1, 1, 1, 1, 1, 1, 1, 1, 1, 		0, 1, 2, 3, 4, 5, 6, 7, 8, 9, 10, 11, 12, 13, 14, 15,  
102.099998,83.099998,102.099998,	0.000000,0.000000,0.000000,	 0, 4278203136,, 	0, 0.000000, 0.000000, 0.000000, 0.000000, 0.000000, 0, 		0, 0.000000, 0.000000, 0.000000, 0.000000, 0.000000, 0, 		0, 0.000000, 0.000000, 0.000000, 0.000000, 0.000000, 0, 		0, 0.000000, 0.000000, 0.000000, 0.000000, 0.000000, 0, 		 	93, 975, 13, 0, 		4294967295, 4294967295,, 4294967295, 4294967295,, 4294967295, 4294967295,, 4294967295, 4294967295,, 		1, 1, 1, 1, 1, 1, 1, 1, 1, 1, 1, 1, 1, 1, 1, 1, 		0, 1, 2, 3, 4, 5, 6, 7, 8, 9, 10, 11, 12, 13, 14, 15,  
102.099998,83.099998,103.099998,	0.000000,0.000000,0.000000,	 0, 4278203136,, 	0, 0.000000, 0.000000, 0.000000, 0.000000, 0.000000, 0, 		0, 0.000000, 0.000000, 0.000000, 0.000000, 0.000000, 0, 		0, 0.000000, 0.000000, 0.000000, 0.000000, 0.000000, 0, 		0, 0.000000, 0.000000, 0.000000, 0.000000, 0.000000, 0, 		 	94, 975, 13, 0, 		4294967295, 4294967295,, 4294967295, 4294967295,, 4294967295, 4294967295,, 4294967295, 4294967295,, 		1, 1, 1, 1, 1, 1, 1, 1, 1, 1, 1, 1, 1, 1, 1, 1, 		0, 1, 2, 3, 4, 5, 6, 7, 8, 9, 10, 11, 12, 13, 14, 15,  
102.099998,83.099998,104.099998,	0.000000,0.000000,0.000000,	 0, 4278203136,, 	0, 0.000000, 0.000000, 0.000000, 0.000000, 0.000000, 0, 		0, 0.000000, 0.000000, 0.000000, 0.000000, 0.000000, 0, 		0, 0.000000, 0.000000, 0.000000, 0.000000, 0.000000, 0, 		0, 0.000000, 0.000000, 0.000000, 0.000000, 0.000000, 0, 		 	95, 975, 13, 0, 		4294967295, 4294967295,, 4294967295, 4294967295,, 4294967295, 4294967295,, 4294967295, 4294967295,, 		1, 1, 1, 1, 1, 1, 1, 1, 1, 1, 1, 1, 1, 1, 1, 1, 		0, 1, 2, 3, 4, 5, 6, 7, 8, 9, 10, 11, 12, 13, 14, 15,  
102.099998,83.099998,105.099998,	0.000000,0.000000,0.000000,	 0, 4278203136,, 	0, 0.000000, 0.000000, 0.000000, 0.000000, 0.000000, 0, 		0, 0.000000, 0.000000, 0.000000, 0.000000, 0.000000, 0, 		0, 0.000000, 0.000000, 0.000000, 0.000000, 0.000000, 0, 		0, 0.000000, 0.000000, 0.000000, 0.000000, 0.000000, 0, 		 	96, 975, 13, 0, 		4294967295, 4294967295,, 4294967295, 4294967295,, 4294967295, 4294967295,, 4294967295, 4294967295,, 		1, 1, 1, 1, 1, 1, 1, 1, 1, 1, 1, 1, 1, 1, 1, 1, 		0, 1, 2, 3, 4, 5, 6, 7, 8, 9, 10, 11, 12, 13, 14, 15,  
102.099998,84.099998,100.099998,	0.000000,0.000000,0.000000,	 0, 4278203136,, 	0, 0.000000, 0.000000, 0.000000, 0.000000, 0.000000, 0, 		0, 0.000000, 0.000000, 0.000000, 0.000000, 0.000000, 0, 		0, 0.000000, 0.000000, 0.000000, 0.000000, 0.000000, 0, 		0, 0.000000, 0.000000, 0.000000, 0.000000, 0.000000, 0, 		 	97, 975, 13, 0, 		4294967295, 4294967295,, 4294967295, 4294967295,, 4294967295, 4294967295,, 4294967295, 4294967295,, 		1, 1, 1, 1, 1, 1, 1, 1, 1, 1, 1, 1, 1, 1, 1, 1, 		0, 1, 2, 3, 4, 5, 6, 7, 8, 9, 10, 11, 12, 13, 14, 15,  
102.099998,84.099998,101.099998,	0.000000,0.000000,0.000000,	 0, 4278203136,, 	0, 0.000000, 0.000000, 0.000000, 0.000000, 0.000000, 0, 		0, 0.000000, 0.000000, 0.000000, 0.000000, 0.000000, 0, 		0, 0.000000, 0.000000, 0.000000, 0.000000, 0.000000, 0, 		0, 0.000000, 0.000000, 0.000000, 0.000000, 0.000000, 0, 		 	98, 975, 13, 0, 		4294967295, 4294967295,, 4294967295, 4294967295,, 4294967295, 4294967295,, 4294967295, 4294967295,, 		1, 1, 1, 1, 1, 1, 1, 1, 1, 1, 1, 1, 1, 1, 1, 1, 		0, 1, 2, 3, 4, 5, 6, 7, 8, 9, 10, 11, 12, 13, 14, 15,  
102.099998,84.099998,102.099998,	0.000000,0.000000,0.000000,	 0, 4278203136,, 	0, 0.000000, 0.000000, 0.000000, 0.000000, 0.000000, 0, 		0, 0.000000, 0.000000, 0.000000, 0.000000, 0.000000, 0, 		0, 0.000000, 0.000000, 0.000000, 0.000000, 0.000000, 0, 		0, 0.000000, 0.000000, 0.000000, 0.000000, 0.000000, 0, 		 	99, 975, 13, 0, 		4294967295, 4294967295,, 4294967295, 4294967295,, 4294967295, 4294967295,, 4294967295, 4294967295,, 		1, 1, 1, 1, 1, 1, 1, 1, 1, 1, 1, 1, 1, 1, 1, 1, 		0, 1, 2, 3, 4, 5, 6, 7, 8, 9, 10, 11, 12, 13, 14, 15,  
102.099998,84.099998,103.099998,	0.000000,0.000000,0.000000,	 0, 4278203136,, 	0, 0.000000, 0.000000, 0.000000, 0.000000, 0.000000, 0, 		0, 0.000000, 0.000000, 0.000000, 0.000000, 0.000000, 0, 		0, 0.000000, 0.000000, 0.000000, 0.000000, 0.000000, 0, 		0, 0.000000, 0.000000, 0.000000, 0.000000, 0.000000, 0, 		 	100, 975, 13, 10, 		4294967295, 4294967295,, 4294967295, 4294967295,, 4294967295, 4294967295,, 4294967295, 4294967295,, 		1, 1, 1, 1, 1, 1, 1, 1, 1, 1, 1, 1, 1, 1, 1, 1, 		0, 1, 2, 3, 4, 5, 6, 7, 8, 9, 10, 11, 12, 13, 14, 15,  
102.099998,84.099998,104.099998,	0.000000,0.000000,0.000000,	 0, 4278203136,, 	0, 0.000000, 0.000000, 0.000000, 0.000000, 0.000000, 0, 		0, 0.000000, 0.000000, 0.000000, 0.000000, 0.000000, 0, 		0, 0.000000, 0.000000, 0.000000, 0.000000, 0.000000, 0, 		0, 0.000000, 0.000000, 0.000000, 0.000000, 0.000000, 0, 		 	101, 975, 13, 0, 		4294967295, 4294967295,, 4294967295, 4294967295,, 4294967295, 4294967295,, 4294967295, 4294967295,, 		1, 1, 1, 1, 1, 1, 1, 1, 1, 1, 1, 1, 1, 1, 1, 1, 		0, 1, 2, 3, 4, 5, 6, 7, 8, 9, 10, 11, 12, 13, 14, 15,  
102.099998,84.099998,105.099998,	0.000000,0.000000,0.000000,	 0, 4278203136,, 	0, 0.000000, 0.000000, 0.000000, 0.000000, 0.000000, 0, 		0, 0.000000, 0.000000, 0.000000, 0.000000, 0.000000, 0, 		0, 0.000000, 0.000000, 0.000000, 0.000000, 0.000000, 0, 		0, 0.000000, 0.000000, 0.000000, 0.000000, 0.000000, 0, 		 	102, 975, 13, 0, 		4294967295, 4294967295,, 4294967295, 4294967295,, 4294967295, 4294967295,, 4294967295, 4294967295,, 		1, 1, 1, 1, 1, 1, 1, 1, 1, 1, 1, 1, 1, 1, 1, 1, 		0, 1, 2, 3, 4, 5, 6, 7, 8, 9, 10, 11, 12, 13, 14, 15,  
102.099998,85.099998,100.099998,	0.000000,0.000000,0.000000,	 0, 4278203136,, 	0, 0.000000, 0.000000, 0.000000, 0.000000, 0.000000, 0, 		0, 0.000000, 0.000000, 0.000000, 0.000000, 0.000000, 0, 		0, 0.000000, 0.000000, 0.000000, 0.000000, 0.000000, 0, 		0, 0.000000, 0.000000, 0.000000, 0.000000, 0.000000, 0, 		 	103, 975, 13, 0, 		4294967295, 4294967295,, 4294967295, 4294967295,, 4294967295, 4294967295,, 4294967295, 4294967295,, 		1, 1, 1, 1, 1, 1, 1, 1, 1, 1, 1, 1, 1, 1, 1, 1, 		0, 1, 2, 3, 4, 5, 6, 7, 8, 9, 10, 11, 12, 13, 14, 15,  
102.099998,85.099998,101.099998,	0.000000,0.000000,0.000000,	 0, 4278203136,, 	0, 0.000000, 0.000000, 0.000000, 0.000000, 0.000000, 0, 		0, 0.000000, 0.000000, 0.000000, 0.000000, 0.000000, 0, 		0, 0.000000, 0.000000, 0.000000, 0.000000, 0.000000, 0, 		0, 0.000000, 0.000000, 0.000000, 0.000000, 0.000000, 0, 		 	104, 975, 13, 0, 		4294967295, 4294967295,, 4294967295, 4294967295,, 4294967295, 4294967295,, 4294967295, 4294967295,, 		1, 1, 1, 1, 1, 1, 1, 1, 1, 1, 1, 1, 1, 1, 1, 1, 		0, 1, 2, 3, 4, 5, 6, 7, 8, 9, 10, 11, 12, 13, 14, 15,  
102.099998,85.099998,102.099998,	0.000000,0.000000,0.000000,	 0, 4278203136,, 	0, 0.000000, 0.000000, 0.000000, 0.000000, 0.000000, 0, 		0, 0.000000, 0.000000, 0.000000, 0.000000, 0.000000, 0, 		0, 0.000000, 0.000000, 0.000000, 0.000000, 0.000000, 0, 		0, 0.000000, 0.000000, 0.000000, 0.000000, 0.000000, 0, 		 	105, 975, 13, 0, 		4294967295, 4294967295,, 4294967295, 4294967295,, 4294967295, 4294967295,, 4294967295, 4294967295,, 		1, 1, 1, 1, 1, 1, 1, 1, 1, 1, 1, 1, 1, 1, 1, 1, 		0, 1, 2, 3, 4, 5, 6, 7, 8, 9, 10, 11, 12, 13, 14, 15,  
102.099998,85.099998,103.099998,	0.000000,0.000000,0.000000,	 0, 4278203136,, 	0, 0.000000, 0.000000, 0.000000, 0.000000, 0.000000, 0, 		0, 0.000000, 0.000000, 0.000000, 0.000000, 0.000000, 0, 		0, 0.000000, 0.000000, 0.000000, 0.000000, 0.000000, 0, 		0, 0.000000, 0.000000, 0.000000, 0.000000, 0.000000, 0, 		 	106, 975, 13, 0, 		4294967295, 4294967295,, 4294967295, 4294967295,, 4294967295, 4294967295,, 4294967295, 4294967295,, 		1, 1, 1, 1, 1, 1, 1, 1, 1, 1, 1, 1, 1, 1, 1, 1, 		0, 1, 2, 3, 4, 5, 6, 7, 8, 9, 10, 11, 12, 13, 14, 15,  
102.099998,85.099998,104.099998,	0.000000,0.000000,0.000000,	 0, 4278203136,, 	0, 0.000000, 0.000000, 0.000000, 0.000000, 0.000000, 0, 		0, 0.000000, 0.000000, 0.000000, 0.000000, 0.000000, 0, 		0, 0.000000, 0.000000, 0.000000, 0.000000, 0.000000, 0, 		0, 0.000000, 0.000000, 0.000000, 0.000000, 0.000000, 0, 		 	107, 975, 13, 0, 		4294967295, 4294967295,, 4294967295, 4294967295,, 4294967295, 4294967295,, 4294967295, 4294967295,, 		1, 1, 1, 1, 1, 1, 1, 1, 1, 1, 1, 1, 1, 1, 1, 1, 		0, 1, 2, 3, 4, 5, 6, 7, 8, 9, 10, 11, 12, 13, 14, 15,  
102.099998,85.099998,105.099998,	0.000000,0.000000,0.000000,	 0, 4278203136,, 	0, 0.000000, 0.000000, 0.000000, 0.000000, 0.000000, 0, 		0, 0.000000, 0.000000, 0.000000, 0.000000, 0.000000, 0, 		0, 0.000000, 0.000000, 0.000000, 0.000000, 0.000000, 0, 		0, 0.000000, 0.000000, 0.000000, 0.000000, 0.000000, 0, 		 	108, 975, 13, 0, 		4294967295, 4294967295,, 4294967295, 4294967295,, 4294967295, 4294967295,, 4294967295, 4294967295,, 		1, 1, 1, 1, 1, 1, 1, 1, 1, 1, 1, 1, 1, 1, 1, 1, 		0, 1, 2, 3, 4, 5, 6, 7, 8, 9, 10, 11, 12, 13, 14, 15,  
103.099998,80.099998,100.099998,	0.000000,0.000000,0.000000,	 0, 4278203136,, 	0, 0.000000, 0.000000, 0.000000, 0.000000, 0.000000, 0, 		0, 0.000000, 0.000000, 0.000000, 0.000000, 0.000000, 0, 		0, 0.000000, 0.000000, 0.000000, 0.000000, 0.000000, 0, 		0, 0.000000, 0.000000, 0.000000, 0.000000, 0.000000, 0, 		 	109, 975, 13, 0, 		4294967295, 4294967295,, 4294967295, 4294967295,, 4294967295, 4294967295,, 4294967295, 4294967295,, 		1, 1, 1, 1, 1, 1, 1, 1, 1, 1, 1, 1, 1, 1, 1, 1, 		0, 1, 2, 3, 4, 5, 6, 7, 8, 9, 10, 11, 12, 13, 14, 15,  
103.099998,80.099998,101.099998,	0.000000,0.000000,0.000000,	 0, 4278203136,, 	0, 0.000000, 0.000000, 0.000000, 0.000000, 0.000000, 0, 		0, 0.000000, 0.000000, 0.000000, 0.000000, 0.000000, 0, 		0, 0.000000, 0.000000, 0.000000, 0.000000, 0.000000, 0, 		0, 0.000000, 0.000000, 0.000000, 0.000000, 0.000000, 0, 		 	110, 975, 13, 11, 		4294967295, 4294967295,, 4294967295, 4294967295,, 4294967295, 4294967295,, 4294967295, 4294967295,, 		1, 1, 1, 1, 1, 1, 1, 1, 1, 1, 1, 1, 1, 1, 1, 1, 		0, 1, 2, 3, 4, 5, 6, 7, 8, 9, 10, 11, 12, 13, 14, 15,  
103.099998,80.099998,102.099998,	0.000000,0.000000,0.000000,	 0, 4278203136,, 	0, 0.000000, 0.000000, 0.000000, 0.000000, 0.000000, 0, 		0, 0.000000, 0.000000, 0.000000, 0.000000, 0.000000, 0, 		0, 0.000000, 0.000000, 0.000000, 0.000000, 0.000000, 0, 		0, 0.000000, 0.000000, 0.000000, 0.000000, 0.000000, 0, 		 	111, 975, 13, 0, 		4294967295, 4294967295,, 4294967295, 4294967295,, 4294967295, 4294967295,, 4294967295, 4294967295,, 		1, 1, 1, 1, 1, 1, 1, 1, 1, 1, 1, 1, 1, 1, 1, 1, 		0, 1, 2, 3, 4, 5, 6, 7, 8, 9, 10, 11, 12, 13, 14, 15,  
103.099998,80.099998,103.099998,	0.000000,0.000000,0.000000,	 0, 4278203136,, 	0, 0.000000, 0.000000, 0.000000, 0.000000, 0.000000, 0, 		0, 0.000000, 0.000000, 0.000000, 0.000000, 0.000000, 0, 		0, 0.000000, 0.000000, 0.000000, 0.000000, 0.000000, 0, 		0, 0.000000, 0.000000, 0.000000, 0.000000, 0.000000, 0, 		 	112, 975, 13, 0, 		4294967295, 4294967295,, 4294967295, 4294967295,, 4294967295, 4294967295,, 4294967295, 4294967295,, 		1, 1, 1, 1, 1, 1, 1, 1, 1, 1, 1, 1, 1, 1, 1, 1, 		0, 1, 2, 3, 4, 5, 6, 7, 8, 9, 10, 11, 12, 13, 14, 15,  
103.099998,80.099998,104.099998,	0.000000,0.000000,0.000000,	 0, 4278203136,, 	0, 0.000000, 0.000000, 0.000000, 0.000000, 0.000000, 0, 		0, 0.000000, 0.000000, 0.000000, 0.000000, 0.000000, 0, 		0, 0.000000, 0.000000, 0.000000, 0.000000, 0.000000, 0, 		0, 0.000000, 0.000000, 0.000000, 0.000000, 0.000000, 0, 		 	113, 975, 13, 0, 		4294967295, 4294967295,, 4294967295, 4294967295,, 4294967295, 4294967295,, 4294967295, 4294967295,, 		1, 1, 1, 1, 1, 1, 1, 1, 1, 1, 1, 1, 1, 1, 1, 1, 		0, 1, 2, 3, 4, 5, 6, 7, 8, 9, 10, 11, 12, 13, 14, 15,  
103.099998,80.099998,105.099998,	0.000000,0.000000,0.000000,	 0, 4278203136,, 	0, 0.000000, 0.000000, 0.000000, 0.000000, 0.000000, 0, 		0, 0.000000, 0.000000, 0.000000, 0.000000, 0.000000, 0, 		0, 0.000000, 0.000000, 0.000000, 0.000000, 0.000000, 0, 		0, 0.000000, 0.000000, 0.000000, 0.000000, 0.000000, 0, 		 	114, 975, 13, 0, 		4294967295, 4294967295,, 4294967295, 4294967295,, 4294967295, 4294967295,, 4294967295, 4294967295,, 		1, 1, 1, 1, 1, 1, 1, 1, 1, 1, 1, 1, 1, 1, 1, 1, 		0, 1, 2, 3, 4, 5, 6, 7, 8, 9, 10, 11, 12, 13, 14, 15,  
103.099998,81.099998,100.099998,	0.000000,0.000000,0.000000,	 0, 4278203136,, 	0, 0.000000, 0.000000, 0.000000, 0.000000, 0.000000, 0, 		0, 0.000000, 0.000000, 0.000000, 0.000000, 0.000000, 0, 		0, 0.000000, 0.000000, 0.000000, 0.000000, 0.000000, 0, 		0, 0.000000, 0.000000, 0.000000, 0.000000, 0.000000, 0, 		 	115, 975, 13, 0, 		4294967295, 4294967295,, 4294967295, 4294967295,, 4294967295, 4294967295,, 4294967295, 4294967295,, 		1, 1, 1, 1, 1, 1, 1, 1, 1, 1, 1, 1, 1, 1, 1, 1, 		0, 1, 2, 3, 4, 5, 6, 7, 8, 9, 10, 11, 12, 13, 14, 15,  
103.099998,81.099998,101.099998,	0.000000,0.000000,0.000000,	 0, 4278203136,, 	0, 0.000000, 0.000000, 0.000000, 0.000000, 0.000000, 0, 		0, 0.000000, 0.000000, 0.000000, 0.000000, 0.000000, 0, 		0, 0.000000, 0.000000, 0.000000, 0.000000, 0.000000, 0, 		0, 0.000000, 0.000000, 0.000000, 0.000000, 0.000000, 0, 		 	116, 975, 13, 0, 		4294967295, 4294967295,, 4294967295, 4294967295,, 4294967295, 4294967295,, 4294967295, 4294967295,, 		1, 1, 1, 1, 1, 1, 1, 1, 1, 1, 1, 1, 1, 1, 1, 1, 		0, 1, 2, 3, 4, 5, 6, 7, 8, 9, 10, 11, 12, 13, 14, 15,  
103.099998,81.099998,102.099998,	0.000000,0.000000,0.000000,	 0, 4278203136,, 	0, 0.000000, 0.000000, 0.000000, 0.000000, 0.000000, 0, 		0, 0.000000, 0.000000, 0.000000, 0.000000, 0.000000, 0, 		0, 0.000000, 0.000000, 0.000000, 0.000000, 0.000000, 0, 		0, 0.000000, 0.000000, 0.000000, 0.000000, 0.000000, 0, 		 	117, 975, 13, 0, 		4294967295, 4294967295,, 4294967295, 4294967295,, 4294967295, 4294967295,, 4294967295, 4294967295,, 		1, 1, 1, 1, 1, 1, 1, 1, 1, 1, 1, 1, 1, 1, 1, 1, 		0, 1, 2, 3, 4, 5, 6, 7, 8, 9, 10, 11, 12, 13, 14, 15,  
103.099998,81.099998,103.099998,	0.000000,0.000000,0.000000,	 0, 4278203136,, 	0, 0.000000, 0.000000, 0.000000, 0.000000, 0.000000, 0, 		0, 0.000000, 0.000000, 0.000000, 0.000000, 0.000000, 0, 		0, 0.000000, 0.000000, 0.000000, 0.000000, 0.000000, 0, 		0, 0.000000, 0.000000, 0.000000, 0.000000, 0.000000, 0, 		 	118, 975, 13, 0, 		4294967295, 4294967295,, 4294967295, 4294967295,, 4294967295, 4294967295,, 4294967295, 4294967295,, 		1, 1, 1, 1, 1, 1, 1, 1, 1, 1, 1, 1, 1, 1, 1, 1, 		0, 1, 2, 3, 4, 5, 6, 7, 8, 9, 10, 11, 12, 13, 14, 15,  
103.099998,81.099998,104.099998,	0.000000,0.000000,0.000000,	 0, 4278203136,, 	0, 0.000000, 0.000000, 0.000000, 0.000000, 0.000000, 0, 		0, 0.000000, 0.000000, 0.000000, 0.000000, 0.000000, 0, 		0, 0.000000, 0.000000, 0.000000, 0.000000, 0.000000, 0, 		0, 0.000000, 0.000000, 0.000000, 0.000000, 0.000000, 0, 		 	119, 975, 13, 0, 		4294967295, 4294967295,, 4294967295, 4294967295,, 4294967295, 4294967295,, 4294967295, 4294967295,, 		1, 1, 1, 1, 1, 1, 1, 1, 1, 1, 1, 1, 1, 1, 1, 1, 		0, 1, 2, 3, 4, 5, 6, 7, 8, 9, 10, 11, 12, 13, 14, 15,  
103.099998,81.099998,105.099998,	0.000000,0.000000,0.000000,	 0, 4278203136,, 	0, 0.000000, 0.000000, 0.000000, 0.000000, 0.000000, 0, 		0, 0.000000, 0.000000, 0.000000, 0.000000, 0.000000, 0, 		0, 0.000000, 0.000000, 0.000000, 0.000000, 0.000000, 0, 		0, 0.000000, 0.000000, 0.000000, 0.000000, 0.000000, 0, 		 	120, 975, 13, 12, 		4294967295, 4294967295,, 4294967295, 4294967295,, 4294967295, 4294967295,, 4294967295, 4294967295,, 		1, 1, 1, 1, 1, 1, 1, 1, 1, 1, 1, 1, 1, 1, 1, 1, 		0, 1, 2, 3, 4, 5, 6, 7, 8, 9, 10, 11, 12, 13, 14, 15,  
103.099998,82.099998,100.099998,	0.000000,0.000000,0.000000,	 0, 4278203136,, 	0, 0.000000, 0.000000, 0.000000, 0.000000, 0.000000, 0, 		0, 0.000000, 0.000000, 0.000000, 0.000000, 0.000000, 0, 		0, 0.000000, 0.000000, 0.000000, 0.000000, 0.000000, 0, 		0, 0.000000, 0.000000, 0.000000, 0.000000, 0.000000, 0, 		 	121, 975, 13, 0, 		4294967295, 4294967295,, 4294967295, 4294967295,, 4294967295, 4294967295,, 4294967295, 4294967295,, 		1, 1, 1, 1, 1, 1, 1, 1, 1, 1, 1, 1, 1, 1, 1, 1, 		0, 1, 2, 3, 4, 5, 6, 7, 8, 9, 10, 11, 12, 13, 14, 15,  
103.099998,82.099998,101.099998,	0.000000,0.000000,0.000000,	 0, 4278203136,, 	0, 0.000000, 0.000000, 0.000000, 0.000000, 0.000000, 0, 		0, 0.000000, 0.000000, 0.000000, 0.000000, 0.000000, 0, 		0, 0.000000, 0.000000, 0.000000, 0.000000, 0.000000, 0, 		0, 0.000000, 0.000000, 0.000000, 0.000000, 0.000000, 0, 		 	122, 975, 13, 0, 		4294967295, 4294967295,, 4294967295, 4294967295,, 4294967295, 4294967295,, 4294967295, 4294967295,, 		1, 1, 1, 1, 1, 1, 1, 1, 1, 1, 1, 1, 1, 1, 1, 1, 		0, 1, 2, 3, 4, 5, 6, 7, 8, 9, 10, 11, 12, 13, 14, 15,  
103.099998,82.099998,102.099998,	0.000000,0.000000,0.000000,	 0, 4278203136,, 	0, 0.000000, 0.000000, 0.000000, 0.000000, 0.000000, 0, 		0, 0.000000, 0.000000, 0.000000, 0.000000, 0.000000, 0, 		0, 0.000000, 0.000000, 0.000000, 0.000000, 0.000000, 0, 		0, 0.000000, 0.000000, 0.000000, 0.000000, 0.000000, 0, 		 	123, 975, 13, 0, 		4294967295, 4294967295,, 4294967295, 4294967295,, 4294967295, 4294967295,, 4294967295, 4294967295,, 		1, 1, 1, 1, 1, 1, 1, 1, 1, 1, 1, 1, 1, 1, 1, 1, 		0, 1, 2, 3, 4, 5, 6, 7, 8, 9, 10, 11, 12, 13, 14, 15,  
103.099998,82.099998,103.099998,	0.000000,0.000000,0.000000,	 0, 4278203136,, 	0, 0.000000, 0.000000, 0.000000, 0.000000, 0.000000, 0, 		0, 0.000000, 0.000000, 0.000000, 0.000000, 0.000000, 0, 		0, 0.000000, 0.000000, 0.000000, 0.000000, 0.000000, 0, 		0, 0.000000, 0.000000, 0.000000, 0.000000, 0.000000, 0, 		 	124, 975, 13, 0, 		4294967295, 4294967295,, 4294967295, 4294967295,, 4294967295, 4294967295,, 4294967295, 4294967295,, 		1, 1, 1, 1, 1, 1, 1, 1, 1, 1, 1, 1, 1, 1, 1, 1, 		0, 1, 2, 3, 4, 5, 6, 7, 8, 9, 10, 11, 12, 13, 14, 15,  
103.099998,82.099998,104.099998,	0.000000,0.000000,0.000000,	 0, 4278203136,, 	0, 0.000000, 0.000000, 0.000000, 0.000000, 0.000000, 0, 		0, 0.000000, 0.000000, 0.000000, 0.000000, 0.000000, 0, 		0, 0.000000, 0.000000, 0.000000, 0.000000, 0.000000, 0, 		0, 0.000000, 0.000000, 0.000000, 0.000000, 0.000000, 0, 		 	125, 975, 13, 0, 		4294967295, 4294967295,, 4294967295, 4294967295,, 4294967295, 4294967295,, 4294967295, 4294967295,, 		1, 1, 1, 1, 1, 1, 1, 1, 1, 1, 1, 1, 1, 1, 1, 1, 		0, 1, 2, 3, 4, 5, 6, 7, 8, 9, 10, 11, 12, 13, 14, 15,  
